<TICKER>;<PER>;<DATE>;<TIME>;<OPEN>;<HIGH>;<LOW>;<CLOSE>;<VOL>
MOEX;D;20180103;000000;109.2500000;110.4200000;108.3000000;109.1800000;8602720
MOEX;D;20180104;000000;109.1300000;109.8000000;108.5000000;109.1200000;9840610
MOEX;D;20180105;000000;109.1700000;109.3600000;108.0000000;108.2500000;7163440
MOEX;D;20180109;000000;108.3500000;109.8800000;108.2500000;109.0600000;13478570
MOEX;D;20180110;000000;109.2500000;113.5500000;109.2100000;113.4000000;17333780
MOEX;D;20180111;000000;113.6200000;115.5700000;112.3500000;115.3000000;14894070
MOEX;D;20180112;000000;115.1000000;115.2000000;112.8100000;113.4900000;9533700
MOEX;D;20180115;000000;113.4400000;114.3800000;113.0000000;113.8400000;5829750
MOEX;D;20180116;000000;113.8600000;114.9900000;111.4100000;112.9700000;8381100
MOEX;D;20180117;000000;112.1100000;113.1400000;111.3800000;112.5000000;8609600
MOEX;D;20180118;000000;112.7900000;113.9500000;112.6200000;113.4000000;8309790
MOEX;D;20180119;000000;113.3900000;113.5000000;111.0500000;111.5000000;8749360
MOEX;D;20180122;000000;111.5100000;113.8000000;111.5100000;113.6000000;8633140
MOEX;D;20180123;000000;113.7000000;115.4500000;113.5400000;115.0000000;9670560
MOEX;D;20180124;000000;114.7700000;114.9900000;113.8300000;114.8000000;4525530
MOEX;D;20180125;000000;115.0900000;116.8000000;115.0900000;116.3600000;10884590
MOEX;D;20180126;000000;116.3700000;116.5000000;113.3000000;115.7500000;8456480
MOEX;D;20180129;000000;115.7500000;119.2000000;115.4700000;118.2000000;9233580
MOEX;D;20180130;000000;117.7500000;118.7000000;116.5100000;117.1000000;8966260
MOEX;D;20180131;000000;116.9700000;116.9800000;114.8700000;115.0000000;6309950
MOEX;D;20180201;000000;115.3000000;117.1900000;115.2000000;116.7000000;6320820
MOEX;D;20180202;000000;116.8400000;117.9000000;114.2600000;115.8000000;8919510
MOEX;D;20180205;000000;114.7600000;116.4400000;113.5500000;115.7200000;6707000
MOEX;D;20180206;000000;114.3000000;115.3800000;113.3600000;113.6000000;8476190
MOEX;D;20180207;000000;114.2900000;114.9300000;113.5000000;113.5000000;5523540
MOEX;D;20180208;000000;113.4900000;114.0000000;112.5000000;112.8000000;5694450
MOEX;D;20180209;000000;111.8800000;112.1200000;109.5200000;110.5000000;12399400
MOEX;D;20180212;000000;111.3500000;111.5400000;110.0800000;110.3000000;6483440
MOEX;D;20180213;000000;110.9700000;111.4700000;110.3000000;111.2500000;5075720
MOEX;D;20180214;000000;111.6000000;112.5500000;110.7700000;111.2000000;8399850
MOEX;D;20180215;000000;111.7600000;111.8900000;110.2300000;110.3000000;5696950
MOEX;D;20180216;000000;110.7000000;111.1800000;110.3500000;110.6200000;4338800
MOEX;D;20180219;000000;110.7800000;111.4300000;110.5500000;110.5600000;2699440
MOEX;D;20180220;000000;110.8000000;111.4000000;110.3400000;111.4000000;4699480
MOEX;D;20180221;000000;111.2000000;114.2300000;110.8700000;114.2300000;7807980
MOEX;D;20180222;000000;113.9900000;114.3900000;112.8600000;113.6800000;8126130
MOEX;D;20180226;000000;114.4900000;115.1200000;113.8800000;115.0000000;6776300
MOEX;D;20180227;000000;115.0100000;115.4000000;114.1400000;115.0900000;3117330
MOEX;D;20180228;000000;114.0300000;114.5800000;111.8500000;111.8500000;4834880
MOEX;D;20180301;000000;111.3000000;114.3800000;110.9200000;114.2900000;5672350
MOEX;D;20180302;000000;113.7100000;116.2400000;113.4300000;115.4600000;8926250
MOEX;D;20180305;000000;116.0100000;117.7700000;116.0100000;117.0000000;4551960
MOEX;D;20180306;000000;117.4900000;121.2000000;117.2100000;119.6500000;12526990
MOEX;D;20180307;000000;119.4200000;119.4800000;116.1400000;117.0000000;9471800
MOEX;D;20180309;000000;117.0200000;120.9700000;116.4500000;120.9700000;4485730
MOEX;D;20180312;000000;120.9800000;121.2000000;117.5700000;118.4000000;5276810
MOEX;D;20180313;000000;118.5900000;119.6500000;117.3000000;119.0000000;6311500
MOEX;D;20180314;000000;118.7400000;118.7500000;115.5700000;115.5700000;7379520
MOEX;D;20180315;000000;115.5000000;117.6900000;114.7600000;117.0000000;9181330
MOEX;D;20180316;000000;117.2700000;121.0000000;116.4100000;121.0000000;10861040
MOEX;D;20180319;000000;120.0400000;120.8800000;118.8000000;119.5000000;5975770
MOEX;D;20180320;000000;119.6000000;119.7300000;117.7500000;118.4000000;5970880
MOEX;D;20180321;000000;118.6100000;119.1700000;118.0200000;118.5000000;6460350
MOEX;D;20180322;000000;118.7100000;119.0900000;117.0800000;117.8800000;3499560
MOEX;D;20180323;000000;117.1100000;119.0000000;108.5800000;119.0000000;9992220
MOEX;D;20180326;000000;118.5900000;118.9900000;115.9800000;115.9800000;5729310
MOEX;D;20180327;000000;116.5500000;118.1600000;116.3700000;116.4200000;5076860
MOEX;D;20180328;000000;116.6400000;117.8400000;116.2500000;116.5000000;6503100
MOEX;D;20180329;000000;116.7700000;117.6400000;116.7600000;117.5700000;6078340
MOEX;D;20180330;000000;117.4900000;117.8600000;117.0000000;117.0000000;661900
MOEX;D;20180402;000000;117.0300000;117.5100000;116.3000000;116.3000000;2105830
MOEX;D;20180403;000000;116.4800000;117.2400000;115.6700000;117.0000000;3336960
MOEX;D;20180404;000000;117.1300000;117.2900000;116.2900000;116.5000000;2811640
MOEX;D;20180405;000000;116.8800000;117.3000000;116.7900000;117.0400000;6524240
MOEX;D;20180406;000000;117.0600000;117.2800000;116.7000000;116.9000000;3109840
MOEX;D;20180409;000000;116.7000000;117.2700000;111.1000000;114.0000000;18839140
MOEX;D;20180410;000000;113.0400000;115.6800000;112.3000000;115.6200000;16205350
MOEX;D;20180411;000000;114.5500000;116.2400000;111.2000000;111.9400000;12567430
MOEX;D;20180412;000000;112.4900000;114.2300000;111.2000000;113.1300000;13253710
MOEX;D;20180413;000000;113.7300000;114.4800000;112.1000000;112.2000000;6150630
MOEX;D;20180416;000000;111.8200000;113.9500000;111.4000000;113.2400000;7998720
MOEX;D;20180417;000000;114.0500000;114.6000000;113.3800000;114.0500000;11262090
MOEX;D;20180418;000000;114.3800000;117.5800000;114.2900000;115.2500000;13403050
MOEX;D;20180419;000000;115.5100000;116.6900000;114.3400000;115.5000000;5566930
MOEX;D;20180420;000000;115.4100000;116.0900000;114.6900000;115.9900000;3734300
MOEX;D;20180423;000000;116.0000000;116.6800000;113.6500000;113.6500000;8633690
MOEX;D;20180424;000000;114.6600000;115.1800000;114.2100000;114.2100000;5032770
MOEX;D;20180425;000000;114.2000000;115.2500000;113.6600000;114.4500000;4078850
MOEX;D;20180426;000000;114.7500000;116.2900000;114.5300000;116.0800000;6992600
MOEX;D;20180427;000000;116.1800000;120.9000000;116.1200000;120.0500000;17094100
MOEX;D;20180428;000000;120.4300000;120.4500000;119.0800000;119.6700000;1651320
MOEX;D;20180430;000000;119.6700000;121.9000000;113.5000000;120.7500000;6126720
MOEX;D;20180502;000000;120.3000000;121.4800000;118.7000000;119.6900000;5624910
MOEX;D;20180503;000000;119.9500000;121.1500000;118.8800000;120.9800000;7163120
MOEX;D;20180504;000000;120.9500000;121.7700000;120.0700000;120.5300000;6924060
MOEX;D;20180507;000000;121.2000000;121.3900000;119.6400000;119.9900000;4091780
MOEX;D;20180508;000000;119.9700000;119.9700000;118.3600000;118.5200000;6210860
MOEX;D;20180510;000000;119.3700000;120.3600000;118.2500000;120.0000000;9714590
MOEX;D;20180511;000000;120.1000000;123.0600000;120.1000000;123.0600000;9645580
MOEX;D;20180514;000000;118.0200000;119.3100000;117.8100000;119.1500000;9419230
MOEX;D;20180515;000000;119.0000000;119.1500000;114.3500000;115.4000000;13896850
MOEX;D;20180516;000000;115.3800000;119.1900000;114.5200000;117.7300000;10917310
MOEX;D;20180517;000000;118.2700000;118.2800000;116.0000000;116.0000000;4857030
MOEX;D;20180518;000000;116.2100000;117.8000000;114.8400000;117.1600000;6290510
MOEX;D;20180521;000000;116.9400000;117.7900000;115.9000000;115.9500000;4994060
MOEX;D;20180522;000000;116.0000000;116.7000000;114.9600000;115.0500000;5039020
MOEX;D;20180523;000000;114.8400000;116.9400000;113.5900000;113.5900000;4361480
MOEX;D;20180524;000000;114.0300000;114.9600000;113.1500000;113.6500000;5488690
MOEX;D;20180525;000000;113.7200000;115.4000000;113.7000000;114.8000000;4791180
MOEX;D;20180528;000000;114.7900000;115.7600000;113.1200000;113.8800000;2823550
MOEX;D;20180529;000000;114.2700000;114.7800000;111.4700000;112.4000000;5497860
MOEX;D;20180530;000000;112.4000000;113.6800000;111.7100000;111.8200000;5148730
MOEX;D;20180531;000000;112.4900000;112.8000000;111.6000000;112.5900000;12916540
MOEX;D;20180601;000000;112.4000000;114.5500000;112.4000000;114.3000000;6170310
MOEX;D;20180604;000000;114.9400000;115.6000000;114.1300000;115.4500000;4413310
MOEX;D;20180605;000000;115.4800000;115.8800000;113.3200000;114.2900000;4661380
MOEX;D;20180606;000000;114.3100000;114.5000000;112.3100000;112.7000000;4263620
MOEX;D;20180607;000000;113.1000000;113.6300000;110.6000000;110.6000000;8702540
MOEX;D;20180608;000000;111.0000000;111.0000000;107.5800000;107.7000000;10592510
MOEX;D;20180609;000000;108.3000000;108.9900000;108.0100000;108.6700000;1071700
MOEX;D;20180611;000000;108.8600000;109.1600000;105.8400000;107.6800000;5672370
MOEX;D;20180613;000000;107.6900000;109.5400000;107.6900000;109.2000000;6182760
MOEX;D;20180614;000000;109.0100000;111.4500000;108.7800000;111.4300000;7710710
MOEX;D;20180615;000000;111.6700000;111.8500000;110.0500000;111.1800000;5843970
MOEX;D;20180618;000000;110.5200000;111.3800000;109.9200000;110.5000000;6507920
MOEX;D;20180619;000000;109.9800000;110.1000000;106.2000000;108.1500000;8638470
MOEX;D;20180620;000000;108.4000000;110.9500000;108.0300000;110.3500000;5877450
MOEX;D;20180621;000000;110.5000000;111.0000000;108.6900000;109.8700000;4902400
MOEX;D;20180622;000000;110.4800000;112.2600000;109.0200000;111.6000000;8617170
MOEX;D;20180625;000000;112.0000000;113.3000000;111.2900000;111.6400000;5149780
MOEX;D;20180626;000000;112.1300000;112.4900000;110.2100000;110.5500000;2956140
MOEX;D;20180627;000000;111.0000000;111.9100000;109.5200000;110.3800000;5773320
MOEX;D;20180628;000000;110.4800000;111.7400000;109.1700000;109.6200000;4516980
MOEX;D;20180629;000000;110.2000000;110.7600000;108.5800000;108.5800000;6325540
MOEX;D;20180702;000000;109.0100000;110.0600000;107.3300000;107.8600000;8495540
MOEX;D;20180703;000000;108.1300000;109.0800000;107.7600000;107.9000000;4420250
MOEX;D;20180704;000000;108.2400000;108.2700000;106.0000000;106.1100000;7802910
MOEX;D;20180705;000000;106.1900000;107.0000000;105.6500000;106.4000000;6153340
MOEX;D;20180706;000000;106.3600000;108.5000000;105.8000000;108.0000000;7611920
MOEX;D;20180709;000000;108.1600000;110.5000000;108.1600000;109.9000000;10481100
MOEX;D;20180710;000000;109.8200000;110.2000000;109.1000000;109.5000000;4004340
MOEX;D;20180711;000000;109.1900000;109.7000000;107.5500000;109.0000000;4879520
MOEX;D;20180712;000000;108.8200000;109.0300000;106.2000000;106.5000000;7624430
MOEX;D;20180713;000000;107.0100000;107.5000000;106.3500000;106.4100000;5673050
MOEX;D;20180716;000000;106.7000000;107.4000000;105.1200000;106.2000000;6579680
MOEX;D;20180717;000000;106.1000000;106.1000000;104.8200000;105.7000000;6713290
MOEX;D;20180718;000000;105.9800000;106.2100000;104.8800000;105.3700000;4400680
MOEX;D;20180719;000000;105.4000000;106.0000000;104.8200000;104.8200000;5590250
MOEX;D;20180720;000000;105.0900000;105.2800000;102.5100000;103.7500000;7402720
MOEX;D;20180723;000000;104.0100000;105.4100000;103.6700000;104.0100000;5292650
MOEX;D;20180724;000000;104.5000000;104.7100000;103.1000000;103.1000000;4273880
MOEX;D;20180725;000000;102.7000000;103.1600000;100.9600000;101.3000000;11236260
MOEX;D;20180726;000000;101.7000000;101.8900000;100.6300000;100.9000000;4799760
MOEX;D;20180727;000000;101.0200000;102.3300000;100.6500000;101.8000000;5810610
MOEX;D;20180730;000000;101.8200000;103.7500000;101.1100000;103.7200000;7862120
MOEX;D;20180731;000000;103.4100000;103.4200000;102.1000000;103.0000000;7383330
MOEX;D;20180801;000000;102.8700000;103.3800000;102.2200000;102.5000000;6679050
MOEX;D;20180802;000000;102.2000000;102.4800000;99.9400000;100.4200000;8247470
MOEX;D;20180803;000000;100.5500000;102.6000000;99.8000000;102.0600000;11009620
MOEX;D;20180806;000000;101.8000000;102.0900000;100.7100000;101.5000000;5463400
MOEX;D;20180807;000000;101.8100000;102.0100000;100.5800000;100.9200000;4630570
MOEX;D;20180808;000000;100.6500000;101.4500000;99.8800000;100.5000000;7112080
MOEX;D;20180809;000000;100.0000000;102.1900000;97.8000000;102.0000000;12589380
MOEX;D;20180810;000000;101.8900000;103.0000000;100.8000000;101.2400000;7890070
MOEX;D;20180813;000000;100.5600000;100.9900000;99.7200000;100.0900000;5573930
MOEX;D;20180814;000000;100.5100000;102.3700000;100.3000000;102.3700000;6439430
MOEX;D;20180815;000000;102.0900000;102.7400000;100.1400000;100.3600000;4848740
MOEX;D;20180816;000000;100.7400000;100.7800000;100.0500000;100.0700000;3595010
MOEX;D;20180817;000000;100.2000000;100.9000000;99.5100000;100.0300000;4835920
MOEX;D;20180820;000000;100.4900000;101.2500000;100.2900000;100.9200000;3479270
MOEX;D;20180821;000000;100.9700000;101.1000000;99.9000000;100.0000000;4460130
MOEX;D;20180822;000000;100.2600000;100.7200000;99.7100000;100.1500000;5149210
MOEX;D;20180823;000000;100.1600000;100.6400000;99.7200000;99.7200000;3609290
MOEX;D;20180824;000000;99.7200000;100.3600000;97.7200000;98.6300000;8493100
MOEX;D;20180827;000000;98.9500000;99.2800000;97.4100000;98.3000000;5291810
MOEX;D;20180828;000000;98.5000000;98.8900000;97.2100000;97.3300000;6109440
MOEX;D;20180829;000000;97.4900000;97.6700000;95.0700000;95.6500000;13417030
MOEX;D;20180830;000000;96.2700000;97.3700000;95.7000000;95.8000000;7215170
MOEX;D;20180831;000000;95.8000000;98.0400000;95.2500000;98.0400000;6555700
MOEX;D;20180903;000000;97.9000000;98.7600000;97.3500000;98.4500000;3769360
MOEX;D;20180904;000000;98.4800000;98.8800000;97.4100000;97.8100000;4554390
MOEX;D;20180905;000000;97.5000000;97.9800000;96.0000000;96.0000000;5705980
MOEX;D;20180906;000000;96.4900000;96.7600000;95.5000000;95.6100000;7008420
MOEX;D;20180907;000000;95.6500000;96.4100000;94.1300000;95.0000000;8712410
MOEX;D;20180910;000000;95.0900000;95.4700000;94.5100000;95.2000000;5898110
MOEX;D;20180911;000000;95.2000000;95.7700000;94.7300000;95.2300000;7200950
MOEX;D;20180912;000000;95.2800000;96.9500000;94.5100000;96.9500000;5450980
MOEX;D;20180913;000000;96.9000000;98.5100000;96.1100000;97.7700000;6386840
MOEX;D;20180914;000000;98.0000000;98.0500000;96.6400000;97.0000000;3440140
MOEX;D;20180917;000000;97.1900000;98.9600000;97.0000000;98.3200000;6518120
MOEX;D;20180918;000000;98.4500000;99.8700000;98.3000000;99.5000000;9356260
MOEX;D;20180919;000000;99.6100000;99.8500000;99.1500000;99.5000000;6947380
MOEX;D;20180920;000000;99.5200000;100.7900000;99.3000000;100.7800000;13581560
MOEX;D;20180921;000000;100.5300000;101.2000000;99.2100000;100.9500000;10358780
MOEX;D;20180924;000000;100.7800000;101.3800000;100.1500000;101.0000000;5267480
MOEX;D;20180925;000000;101.1800000;101.4000000;99.8400000;100.3900000;3789630
MOEX;D;20180926;000000;100.2500000;101.3800000;99.4100000;100.8700000;4920880
MOEX;D;20180927;000000;101.2500000;103.0000000;100.7600000;102.9900000;9971840
MOEX;D;20180928;000000;100.1700000;101.0000000;96.2500000;97.2000000;23427690
MOEX;D;20181001;000000;97.7000000;98.1000000;96.2900000;97.0700000;7408050
MOEX;D;20181002;000000;97.1100000;97.6000000;96.3700000;96.4500000;3568780
MOEX;D;20181003;000000;96.6800000;97.5200000;96.2300000;97.2200000;9190680
MOEX;D;20181004;000000;97.5000000;97.7200000;96.6000000;96.6300000;6440590
MOEX;D;20181005;000000;96.6400000;96.9500000;95.3500000;96.0200000;6493550
MOEX;D;20181008;000000;96.4700000;96.7100000;94.8400000;95.3200000;5491190
MOEX;D;20181009;000000;95.7200000;96.1100000;93.5500000;93.5600000;8330810
MOEX;D;20181010;000000;93.5600000;93.8000000;92.1500000;93.0200000;4823360
MOEX;D;20181011;000000;91.8800000;92.9000000;91.7100000;92.4200000;6943370
MOEX;D;20181012;000000;92.7700000;93.5100000;92.4000000;93.4500000;4572450
MOEX;D;20181015;000000;93.3900000;93.7500000;92.6600000;92.7300000;2871350
MOEX;D;20181016;000000;92.9800000;93.0500000;91.3400000;91.5000000;8394830
MOEX;D;20181017;000000;91.8200000;92.1900000;91.4500000;91.5000000;5172730
MOEX;D;20181018;000000;91.4700000;92.5300000;90.0500000;92.5300000;14347390
MOEX;D;20181019;000000;92.4000000;92.4700000;90.5000000;90.5800000;7538050
MOEX;D;20181022;000000;90.6000000;90.8900000;88.1900000;88.8000000;15527580
MOEX;D;20181023;000000;88.7800000;89.7000000;87.9600000;88.4600000;11723910
MOEX;D;20181024;000000;88.9600000;89.3000000;87.0600000;87.7500000;11418330
MOEX;D;20181025;000000;87.0700000;87.9000000;86.5000000;87.2700000;6109890
MOEX;D;20181026;000000;87.1800000;87.1900000;83.1300000;83.5000000;17039570
MOEX;D;20181029;000000;83.5900000;84.8000000;82.8200000;83.2000000;10353350
MOEX;D;20181030;000000;82.1000000;86.7300000;82.1000000;86.7300000;15109590
MOEX;D;20181031;000000;86.8600000;88.0000000;86.3400000;87.9000000;10100520
MOEX;D;20181101;000000;87.7700000;88.6800000;86.9000000;88.6000000;6362410
MOEX;D;20181102;000000;88.8500000;89.7400000;88.4600000;88.4600000;10568370
MOEX;D;20181106;000000;89.0000000;91.8100000;88.5500000;91.1400000;11741670
MOEX;D;20181107;000000;90.6600000;92.9500000;89.3000000;92.4400000;11838570
MOEX;D;20181108;000000;92.7400000;93.2400000;91.3100000;91.8000000;9367120
MOEX;D;20181109;000000;91.2000000;91.6600000;88.5200000;88.8500000;8361960
MOEX;D;20181112;000000;89.4600000;89.9800000;88.2700000;88.5700000;4584210
MOEX;D;20181113;000000;88.3400000;90.0000000;88.0500000;89.5500000;8714520
MOEX;D;20181114;000000;89.7000000;94.4900000;89.5600000;94.0100000;14465270
MOEX;D;20181115;000000;94.0000000;94.9200000;92.9000000;93.9600000;7789610
MOEX;D;20181116;000000;94.1600000;94.3400000;92.7000000;93.4500000;4176880
MOEX;D;20181119;000000;93.5600000;94.0000000;90.9500000;91.4900000;8915870
MOEX;D;20181120;000000;91.1800000;91.6100000;89.0800000;90.1000000;7322450
MOEX;D;20181121;000000;89.8000000;90.2700000;88.8000000;89.5700000;11168890
MOEX;D;20181122;000000;89.8600000;91.9600000;89.4500000;91.6000000;7618770
MOEX;D;20181123;000000;91.6500000;91.7100000;90.1800000;90.8200000;5312510
MOEX;D;20181126;000000;91.2000000;91.2100000;89.1400000;89.6500000;5502720
MOEX;D;20181127;000000;89.7000000;90.9500000;89.3300000;89.4500000;7412450
MOEX;D;20181128;000000;89.5200000;90.3700000;89.3400000;90.1000000;6255350
MOEX;D;20181129;000000;90.3200000;91.9400000;90.0200000;90.1700000;8423100
MOEX;D;20181130;000000;90.0900000;90.6000000;89.5100000;89.5200000;5779690
MOEX;D;20181203;000000;90.0900000;91.4300000;89.7200000;90.0300000;7384080
MOEX;D;20181204;000000;90.2700000;91.2100000;90.0000000;90.2500000;7433850
MOEX;D;20181205;000000;89.9400000;90.0000000;88.9000000;89.7500000;5866770
MOEX;D;20181206;000000;89.4800000;89.9800000;89.0000000;89.0000000;4212340
MOEX;D;20181207;000000;89.1800000;89.4300000;88.2500000;88.4200000;6733080
MOEX;D;20181210;000000;88.4100000;88.8300000;86.9300000;86.9300000;5462990
MOEX;D;20181211;000000;86.9200000;87.9200000;86.4200000;86.4200000;5000010
MOEX;D;20181212;000000;87.0600000;87.2300000;85.2800000;85.9000000;6697470
MOEX;D;20181213;000000;86.0000000;86.2400000;85.1400000;85.5000000;6151590
MOEX;D;20181214;000000;85.5600000;85.6700000;84.0000000;84.0000000;6380560
MOEX;D;20181217;000000;83.9900000;85.2900000;83.8800000;84.1700000;9276880
MOEX;D;20181218;000000;83.8800000;84.1900000;83.1500000;84.0000000;10030180
MOEX;D;20181219;000000;84.0000000;84.9000000;83.3600000;84.5000000;8829890
MOEX;D;20181220;000000;83.9300000;84.5000000;83.3500000;83.4800000;8266640
MOEX;D;20181221;000000;83.4200000;83.6900000;83.0000000;83.3000000;7739590
MOEX;D;20181224;000000;83.2000000;83.3900000;82.3500000;82.9500000;4104510
MOEX;D;20181225;000000;82.5500000;82.5500000;79.6600000;81.6800000;9692790
MOEX;D;20181226;000000;81.6000000;82.4000000;81.0000000;81.3000000;5627500
MOEX;D;20181227;000000;82.2300000;82.5000000;81.0400000;81.0400000;6156390
MOEX;D;20181228;000000;81.5000000;81.6800000;80.3000000;80.3000000;7064050
MOEX;D;20181229;000000;80.9900000;81.3200000;80.4000000;81.0000000;2047630
MOEX;D;20190103;000000;80.9500000;84.4900000;80.7700000;84.4900000;9794620
MOEX;D;20190104;000000;84.5700000;84.8000000;83.5800000;84.0000000;5638050
MOEX;D;20190108;000000;84.4400000;84.8500000;83.3300000;83.7000000;6831830
MOEX;D;20190109;000000;84.0100000;84.2700000;83.4100000;83.9300000;9287170
MOEX;D;20190110;000000;84.0600000;84.8900000;83.7000000;84.7000000;7183300
MOEX;D;20190111;000000;84.7700000;88.1900000;84.7000000;88.0000000;22356890
MOEX;D;20190114;000000;87.5600000;88.7500000;86.4400000;88.3000000;15123260
MOEX;D;20190115;000000;88.6700000;91.1000000;88.3700000;88.8600000;15206530
MOEX;D;20190116;000000;88.7700000;90.9500000;88.5300000;90.1000000;13838140
MOEX;D;20190117;000000;90.4000000;90.9600000;89.8400000;90.0500000;6954590
MOEX;D;20190118;000000;90.5500000;93.6900000;90.5100000;93.3300000;17702540
MOEX;D;20190121;000000;93.3900000;94.8300000;92.8500000;94.7000000;10390000
MOEX;D;20190122;000000;94.0900000;94.5500000;93.5700000;94.4000000;7117660
MOEX;D;20190123;000000;94.3600000;95.3900000;93.8000000;94.4000000;7996730
MOEX;D;20190124;000000;94.1200000;94.3500000;91.2500000;91.8000000;14989380
MOEX;D;20190125;000000;91.9700000;93.2000000;90.3600000;91.4900000;9932700
MOEX;D;20190128;000000;91.3600000;92.4300000;90.0500000;90.5000000;7189980
MOEX;D;20190129;000000;90.2400000;91.8000000;89.5200000;91.8000000;9810690
MOEX;D;20190130;000000;91.6900000;91.9500000;90.7000000;91.9000000;9037520
MOEX;D;20190131;000000;92.1100000;93.7700000;92.0300000;92.8200000;13317620
MOEX;D;20190201;000000;92.6100000;94.2300000;92.5600000;93.5000000;7086660
MOEX;D;20190204;000000;93.6600000;94.3800000;92.5000000;92.7000000;5901000
MOEX;D;20190205;000000;92.7500000;92.7600000;91.7000000;91.7000000;5682490
MOEX;D;20190206;000000;91.8800000;92.7000000;91.1800000;91.5000000;5707430
MOEX;D;20190207;000000;91.3500000;91.4400000;89.9000000;90.0700000;7273590
MOEX;D;20190208;000000;89.8800000;91.2000000;89.7000000;90.7000000;3345090
MOEX;D;20190211;000000;90.5300000;91.6900000;90.1700000;90.3000000;7627800
MOEX;D;20190212;000000;90.6400000;90.9200000;89.7600000;89.9400000;13094940
MOEX;D;20190213;000000;90.1000000;91.4500000;87.5200000;88.8000000;26232080
MOEX;D;20190214;000000;87.9600000;89.8400000;87.2600000;89.1200000;16790370
MOEX;D;20190215;000000;89.4600000;90.1500000;89.0500000;90.1500000;9590740
MOEX;D;20190218;000000;90.1500000;90.6500000;89.5000000;89.7100000;7850510
MOEX;D;20190219;000000;89.7000000;90.2000000;89.0000000;89.5200000;8147960
MOEX;D;20190220;000000;90.0000000;90.0800000;89.5500000;89.6000000;8301890
MOEX;D;20190221;000000;89.8500000;89.9400000;88.7700000;88.9100000;8176100
MOEX;D;20190222;000000;89.1200000;89.7000000;88.9800000;89.5000000;3947340
MOEX;D;20190225;000000;89.5100000;90.1500000;89.3200000;89.6700000;5010320
MOEX;D;20190226;000000;89.7000000;90.4300000;89.1100000;90.4300000;4604680
MOEX;D;20190227;000000;90.5600000;91.1600000;89.9400000;90.6700000;8743780
MOEX;D;20190228;000000;90.4000000;91.2200000;89.9100000;91.2200000;5820490
MOEX;D;20190301;000000;91.1000000;91.9500000;90.7200000;91.5700000;7745640
MOEX;D;20190304;000000;91.7100000;93.3700000;91.4400000;92.4400000;9692960
MOEX;D;20190305;000000;92.4300000;93.2200000;91.6000000;92.3800000;7908670
MOEX;D;20190306;000000;92.5400000;94.6000000;92.5400000;93.6000000;13234670
MOEX;D;20190307;000000;93.5200000;94.7200000;93.0900000;93.9500000;8668330
MOEX;D;20190311;000000;93.6500000;94.9200000;93.0300000;93.1400000;7557450
MOEX;D;20190312;000000;93.4000000;94.1000000;92.9100000;93.0000000;6406640
MOEX;D;20190313;000000;92.9100000;93.6900000;91.6200000;91.8200000;10082990
MOEX;D;20190314;000000;92.0000000;92.2100000;91.0000000;91.5000000;7142040
MOEX;D;20190315;000000;91.6600000;91.8100000;90.7100000;91.0800000;6697450
MOEX;D;20190318;000000;91.5200000;91.9400000;90.7700000;91.4500000;5726170
MOEX;D;20190319;000000;91.7300000;91.9400000;90.9000000;91.1100000;5744360
MOEX;D;20190320;000000;91.2900000;91.2900000;90.1100000;90.5400000;6142910
MOEX;D;20190321;000000;90.8000000;90.9000000;90.3100000;90.6300000;9195860
MOEX;D;20190322;000000;90.7200000;90.8800000;89.0500000;89.0800000;8471930
MOEX;D;20190325;000000;89.0800000;90.6300000;88.4000000;90.5000000;12906480
MOEX;D;20190326;000000;90.6300000;91.7800000;90.2700000;91.0700000;7156870
MOEX;D;20190327;000000;91.2000000;91.5800000;90.2000000;90.6100000;4950440
MOEX;D;20190328;000000;90.3000000;90.7500000;90.1100000;90.6400000;1957690
MOEX;D;20190329;000000;90.6400000;91.6600000;90.6400000;91.3000000;8156890
MOEX;D;20190401;000000;91.5800000;92.4600000;91.4200000;92.3400000;5988420
MOEX;D;20190402;000000;92.3600000;92.9500000;92.0300000;92.1400000;4941420
MOEX;D;20190403;000000;92.1300000;92.8000000;90.7100000;90.7700000;9511710
MOEX;D;20190404;000000;91.0000000;91.5000000;90.5500000;91.2700000;4267910
MOEX;D;20190405;000000;91.3900000;92.0000000;90.9700000;91.0200000;4290240
MOEX;D;20190408;000000;91.3500000;91.5500000;90.8600000;91.0000000;7604000
MOEX;D;20190409;000000;91.0600000;91.4300000;90.8000000;91.0400000;9223540
MOEX;D;20190410;000000;91.2500000;93.8000000;91.1400000;93.1100000;16328960
MOEX;D;20190411;000000;93.2000000;93.3700000;91.5000000;91.5000000;8428670
MOEX;D;20190412;000000;91.7300000;92.1800000;91.2200000;91.4000000;6478500
MOEX;D;20190415;000000;91.6000000;91.9000000;91.2500000;91.4600000;7388100
MOEX;D;20190416;000000;91.7700000;92.0500000;90.8600000;91.0500000;10992990
MOEX;D;20190417;000000;91.4000000;91.5800000;90.7100000;91.2000000;7842480
MOEX;D;20190418;000000;91.0100000;91.4700000;90.8100000;91.2500000;3534300
MOEX;D;20190419;000000;91.1800000;92.0000000;91.1000000;91.6000000;4332130
MOEX;D;20190422;000000;91.9900000;92.4000000;91.7100000;92.1900000;4891980
MOEX;D;20190423;000000;92.3900000;92.7000000;91.4300000;91.5000000;7773440
MOEX;D;20190424;000000;91.5900000;91.5900000;91.1100000;91.3200000;6128070
MOEX;D;20190425;000000;91.3700000;91.5400000;90.7000000;90.7000000;8379510
MOEX;D;20190426;000000;90.7000000;91.2100000;90.1700000;90.9900000;8264650
MOEX;D;20190429;000000;91.1700000;92.4000000;91.0500000;91.6800000;11685240
MOEX;D;20190430;000000;90.9900000;91.0500000;89.8800000;91.0500000;20078350
MOEX;D;20190502;000000;90.8900000;91.3200000;90.7000000;90.8000000;7603290
MOEX;D;20190503;000000;91.0200000;92.1500000;90.8900000;91.8300000;11359320
MOEX;D;20190506;000000;91.5000000;93.1700000;91.0600000;93.1700000;10773120
MOEX;D;20190507;000000;93.0600000;93.8400000;92.2500000;93.8000000;12158910
MOEX;D;20190508;000000;93.3700000;93.8700000;92.0300000;92.4700000;13423150
MOEX;D;20190510;000000;92.5100000;93.0300000;91.5500000;91.6700000;17973270
MOEX;D;20190513;000000;84.9800000;87.3600000;84.7800000;86.3400000;18765550
MOEX;D;20190514;000000;86.5600000;87.3500000;85.2700000;85.5100000;9910150
MOEX;D;20190515;000000;85.7700000;85.9900000;83.9000000;84.8000000;10511600
MOEX;D;20190516;000000;85.1000000;85.5000000;84.4000000;84.7000000;9409590
MOEX;D;20190517;000000;84.7000000;85.3600000;83.3800000;83.8000000;9584940
MOEX;D;20190520;000000;84.0000000;84.8600000;83.4200000;84.1500000;8359870
MOEX;D;20190521;000000;84.4500000;85.0700000;84.0300000;84.2000000;6448630
MOEX;D;20190522;000000;84.5000000;84.9600000;84.2400000;84.5700000;5439450
MOEX;D;20190523;000000;84.5000000;84.9200000;83.8300000;83.9000000;6098510
MOEX;D;20190524;000000;84.0000000;84.7000000;83.5900000;83.5900000;5680840
MOEX;D;20190527;000000;83.7500000;84.4700000;83.7400000;84.3000000;4242520
MOEX;D;20190528;000000;84.3200000;84.4000000;83.4000000;83.5000000;11528290
MOEX;D;20190529;000000;83.5000000;84.3300000;83.2300000;84.3000000;8145090
MOEX;D;20190530;000000;84.4200000;84.8600000;83.8500000;84.7500000;6763260
MOEX;D;20190531;000000;84.4000000;84.7500000;83.9700000;84.7500000;6405630
MOEX;D;20190603;000000;84.4600000;84.8200000;84.0400000;84.8200000;8794020
MOEX;D;20190604;000000;84.8200000;86.1400000;84.4300000;85.9800000;15132950
MOEX;D;20190605;000000;85.5000000;86.3500000;85.1100000;85.5600000;9293210
MOEX;D;20190606;000000;85.6300000;86.9000000;85.5000000;86.5800000;12711290
MOEX;D;20190607;000000;86.8200000;88.3800000;86.6600000;87.5500000;15136170
MOEX;D;20190610;000000;87.7100000;89.3100000;87.5800000;89.2400000;16117200
MOEX;D;20190611;000000;89.0000000;89.9900000;88.9800000;89.5500000;16186240
MOEX;D;20190613;000000;89.5000000;89.7500000;87.8800000;89.5000000;11846280
MOEX;D;20190614;000000;89.4300000;90.0000000;88.5000000;89.3000000;10396280
MOEX;D;20190617;000000;89.4000000;89.4300000;88.8400000;89.1000000;11649900
MOEX;D;20190618;000000;88.9800000;89.4800000;88.5300000;89.4200000;8753010
MOEX;D;20190619;000000;89.4300000;90.0000000;89.3500000;90.0000000;8752840
MOEX;D;20190620;000000;90.4400000;90.9700000;90.1600000;90.6800000;11351380
MOEX;D;20190621;000000;90.5100000;90.8000000;88.7500000;89.6800000;9802530
MOEX;D;20190624;000000;89.6900000;90.0800000;88.6100000;89.4100000;6072920
MOEX;D;20190625;000000;89.5200000;89.9200000;88.8800000;89.3500000;5152660
MOEX;D;20190626;000000;89.5000000;90.3000000;89.3700000;90.3000000;5138680
MOEX;D;20190627;000000;90.3200000;90.5000000;89.6000000;89.7700000;5167500
MOEX;D;20190628;000000;89.8000000;90.1500000;89.4500000;90.1500000;6732470
MOEX;D;20190701;000000;90.5200000;90.9000000;90.0200000;90.9000000;6983340
MOEX;D;20190702;000000;90.9100000;91.9800000;90.4000000;91.9800000;13526050
MOEX;D;20190703;000000;92.1800000;92.9800000;91.7000000;92.7000000;12691210
MOEX;D;20190704;000000;92.9000000;94.3200000;92.2100000;94.3000000;14948830
MOEX;D;20190705;000000;94.3800000;95.9900000;93.8500000;95.3000000;15303280
MOEX;D;20190708;000000;95.1700000;96.9200000;94.1200000;96.4200000;11350360
MOEX;D;20190709;000000;96.4700000;97.2300000;94.9400000;95.3200000;6905840
MOEX;D;20190710;000000;95.1200000;95.6700000;93.8600000;95.0000000;10463190
MOEX;D;20190711;000000;94.6700000;95.4000000;94.0400000;94.9000000;6043670
MOEX;D;20190712;000000;94.6900000;94.6900000;92.7700000;93.9700000;6877470
MOEX;D;20190715;000000;94.2700000;95.1800000;93.5000000;95.1800000;6888420
MOEX;D;20190716;000000;95.0600000;95.6400000;93.3500000;93.4500000;5852840
MOEX;D;20190717;000000;93.4500000;94.1000000;92.6700000;92.7300000;4913350
MOEX;D;20190718;000000;92.6500000;93.2200000;91.8500000;92.9900000;4767650
MOEX;D;20190719;000000;93.4100000;93.7000000;92.5100000;93.0600000;3611910
MOEX;D;20190722;000000;93.0500000;93.1100000;91.9600000;92.2200000;3301950
MOEX;D;20190723;000000;92.3500000;92.4900000;91.5000000;91.5100000;4107320
MOEX;D;20190724;000000;91.6000000;91.6000000;89.1900000;90.0000000;15616250
MOEX;D;20190725;000000;90.1900000;92.0200000;89.8700000;92.0000000;8145690
MOEX;D;20190726;000000;92.0000000;92.4000000;91.0000000;91.1400000;3992290
MOEX;D;20190729;000000;91.7000000;92.5000000;91.0700000;91.9500000;4668370
MOEX;D;20190730;000000;92.1500000;93.3100000;91.8700000;93.3100000;5317730
MOEX;D;20190731;000000;93.4000000;93.5600000;92.8200000;93.1600000;5806230
MOEX;D;20190801;000000;93.0200000;93.7500000;92.2200000;92.4900000;5899480
MOEX;D;20190802;000000;91.8800000;92.7600000;91.4000000;92.4000000;6997890
MOEX;D;20190805;000000;92.0400000;93.6000000;92.0400000;93.5000000;6881020
MOEX;D;20190806;000000;93.3800000;95.9100000;93.0800000;94.9000000;18334930
MOEX;D;20190807;000000;95.0900000;95.7800000;94.1700000;95.4000000;7766520
MOEX;D;20190808;000000;95.6000000;96.7500000;95.5000000;95.5000000;6175640
MOEX;D;20190809;000000;95.2000000;95.7400000;94.1500000;94.9000000;5818030
MOEX;D;20190812;000000;94.9500000;95.3400000;94.2000000;94.8000000;2887700
MOEX;D;20190813;000000;94.7000000;94.9000000;93.8000000;94.8000000;5246640
MOEX;D;20190814;000000;94.9500000;95.3700000;93.2000000;94.0000000;6320270
MOEX;D;20190815;000000;93.6900000;94.0000000;92.3000000;93.1600000;5010510
MOEX;D;20190816;000000;93.4000000;93.9000000;91.8300000;91.8300000;4237650
MOEX;D;20190819;000000;92.1900000;93.0000000;90.6600000;92.6000000;4305520
MOEX;D;20190820;000000;92.8000000;92.9800000;91.5000000;91.5000000;4099090
MOEX;D;20190821;000000;91.5400000;92.3100000;91.2000000;91.9000000;4589480
MOEX;D;20190822;000000;92.0200000;93.0000000;91.2600000;92.6500000;5584120
MOEX;D;20190823;000000;93.1100000;94.5000000;92.9000000;93.5000000;10349520
MOEX;D;20190826;000000;93.4000000;93.8000000;92.7200000;93.3000000;3211480
MOEX;D;20190827;000000;93.4800000;94.8000000;93.4800000;94.3300000;7843330
MOEX;D;20190828;000000;94.1300000;95.2700000;94.0700000;95.2700000;4385270
MOEX;D;20190829;000000;95.1000000;95.9200000;94.8500000;95.8000000;3870010
MOEX;D;20190830;000000;95.6900000;95.6900000;94.2700000;94.6200000;7383860
MOEX;D;20190902;000000;95.4400000;95.6900000;94.0400000;94.6400000;4048100
MOEX;D;20190903;000000;94.6200000;95.2700000;93.3000000;95.2200000;6978950
MOEX;D;20190904;000000;95.3000000;95.7300000;94.6500000;95.5300000;5599910
MOEX;D;20190905;000000;95.5800000;96.1900000;95.0100000;95.3000000;6377210
MOEX;D;20190906;000000;95.3900000;96.1900000;94.6200000;95.5400000;5178500
MOEX;D;20190909;000000;95.4300000;96.0100000;93.7500000;95.6500000;7123400
MOEX;D;20190910;000000;95.4200000;95.6400000;94.5000000;95.1800000;6458780
MOEX;D;20190911;000000;95.2000000;96.9800000;94.0500000;96.7900000;10932580
MOEX;D;20190912;000000;96.8800000;97.6400000;95.8000000;96.0000000;7872520
MOEX;D;20190913;000000;96.0700000;97.7700000;95.3300000;96.8000000;14941990
MOEX;D;20190916;000000;97.0000000;97.3800000;96.0700000;97.3500000;7885390
MOEX;D;20190917;000000;97.2500000;97.6900000;96.4700000;96.6500000;7535470
MOEX;D;20190918;000000;96.4300000;96.9000000;95.5200000;95.9600000;5551110
MOEX;D;20190919;000000;95.9500000;96.8100000;95.5400000;96.2400000;5032580
MOEX;D;20190920;000000;96.3400000;96.6600000;95.2600000;95.5800000;5756200
MOEX;D;20190923;000000;95.2900000;96.1200000;94.3000000;96.1200000;3824000
MOEX;D;20190924;000000;95.8200000;96.0000000;94.7000000;95.1500000;3277970
MOEX;D;20190925;000000;94.7000000;95.0900000;94.1000000;94.9900000;4595300
MOEX;D;20190926;000000;94.8500000;95.3500000;94.3700000;94.9400000;3090390
MOEX;D;20190927;000000;94.9200000;95.6600000;94.5500000;94.8500000;3528000
MOEX;D;20190930;000000;94.8700000;95.2900000;94.2500000;94.7400000;3880700
MOEX;D;20191001;000000;94.8400000;95.2300000;94.4100000;95.0300000;3192640
MOEX;D;20191002;000000;94.7600000;95.6300000;91.3200000;91.5500000;12178360
MOEX;D;20191003;000000;91.7200000;92.6800000;90.5100000;91.6900000;8524470
MOEX;D;20191004;000000;92.0000000;93.1600000;91.3000000;91.4400000;5594390
MOEX;D;20191007;000000;91.8000000;92.1000000;90.8500000;91.0100000;3425960
MOEX;D;20191008;000000;91.1400000;91.3400000;89.6200000;90.0000000;7057600
MOEX;D;20191009;000000;90.0500000;90.5600000;89.5500000;90.1000000;6480830
MOEX;D;20191010;000000;90.0500000;90.3700000;89.7200000;90.0000000;3872140
MOEX;D;20191011;000000;90.1000000;90.4200000;89.6400000;90.2500000;4821670
MOEX;D;20191014;000000;90.4000000;90.9500000;89.2300000;89.6900000;6029450
MOEX;D;20191015;000000;90.4200000;91.7500000;90.3400000;91.5000000;9618160
MOEX;D;20191016;000000;91.6800000;93.9500000;91.3700000;93.9500000;11356790
MOEX;D;20191017;000000;93.8000000;94.7300000;92.3100000;92.7000000;8561270
MOEX;D;20191018;000000;92.7300000;93.7900000;92.3900000;92.7000000;4899720
MOEX;D;20191021;000000;92.7500000;93.2900000;92.0200000;93.2600000;5293520
MOEX;D;20191022;000000;93.2900000;94.3900000;92.2200000;92.9900000;8493230
MOEX;D;20191023;000000;92.8600000;93.3200000;92.5000000;93.0500000;4228020
MOEX;D;20191024;000000;92.9400000;93.0700000;91.3600000;92.1500000;9386930
MOEX;D;20191025;000000;92.0000000;93.2000000;91.7200000;93.2000000;7697730
MOEX;D;20191028;000000;93.0100000;94.2100000;93.0100000;93.6100000;6710640
MOEX;D;20191029;000000;93.7000000;94.6000000;93.3300000;94.0000000;3612330
MOEX;D;20191030;000000;93.8500000;94.9900000;93.5800000;94.9900000;5996160
MOEX;D;20191031;000000;95.0100000;95.6700000;94.1000000;95.0300000;8092270
MOEX;D;20191101;000000;94.8200000;97.4300000;94.4400000;97.0500000;10780050
MOEX;D;20191105;000000;97.0500000;100.5000000;96.6000000;100.2900000;29791340
MOEX;D;20191106;000000;100.2000000;100.2800000;98.7100000;99.9500000;9474050
MOEX;D;20191107;000000;99.4500000;100.4900000;99.1200000;99.5200000;8923150
MOEX;D;20191108;000000;99.5000000;100.1800000;98.2000000;99.1400000;7332530
MOEX;D;20191111;000000;98.8800000;100.0000000;98.5100000;100.0000000;4744810
MOEX;D;20191112;000000;100.0100000;100.7400000;99.1500000;99.7000000;9809620
MOEX;D;20191113;000000;99.9800000;100.2600000;99.3200000;100.2600000;3475500
MOEX;D;20191114;000000;99.8100000;100.8800000;99.1600000;99.9400000;5019620
MOEX;D;20191115;000000;99.9800000;100.3700000;99.7000000;100.1300000;2712400
MOEX;D;20191118;000000;100.0000000;100.4900000;99.6100000;100.0000000;3511380
MOEX;D;20191119;000000;99.9800000;100.5000000;99.8200000;100.5000000;5045920
MOEX;D;20191120;000000;100.2200000;104.0500000;100.2100000;103.1700000;17044140
MOEX;D;20191121;000000;103.3000000;103.3400000;101.7500000;102.7200000;6079520
MOEX;D;20191122;000000;102.4000000;106.3500000;102.1200000;105.2000000;13365490
MOEX;D;20191125;000000;105.3900000;106.0200000;103.7100000;104.4200000;6739060
MOEX;D;20191126;000000;104.5000000;105.4100000;103.8100000;105.0000000;12990300
MOEX;D;20191127;000000;104.9100000;106.8800000;104.7300000;106.5000000;10656660
MOEX;D;20191128;000000;106.2900000;106.8800000;104.8000000;105.5800000;6648240
MOEX;D;20191129;000000;105.6300000;106.2000000;104.9700000;105.7000000;5429110
MOEX;D;20191202;000000;105.7000000;106.2800000;105.1100000;106.2800000;7085490
MOEX;D;20191203;000000;106.1500000;106.2300000;103.8100000;103.8900000;7043330
MOEX;D;20191204;000000;104.0000000;105.9800000;103.8900000;105.9800000;5222320
MOEX;D;20191205;000000;105.9900000;105.9900000;104.3600000;104.3600000;4016640
MOEX;D;20191206;000000;104.6900000;106.1700000;104.4300000;106.1700000;5321850
MOEX;D;20191209;000000;106.1700000;106.2900000;105.1200000;106.0500000;3620140
MOEX;D;20191210;000000;105.7100000;105.9600000;104.3000000;104.8000000;4264220
MOEX;D;20191211;000000;104.9000000;106.3000000;104.7600000;106.3000000;9323160
MOEX;D;20191212;000000;106.4100000;109.9500000;106.2000000;108.0900000;8894000
MOEX;D;20191213;000000;108.4100000;109.9100000;107.8300000;108.9600000;7006530
MOEX;D;20191216;000000;109.3900000;109.9800000;108.8100000;109.0900000;5325030
MOEX;D;20191217;000000;109.0500000;111.4000000;108.2200000;109.0500000;7418460
MOEX;D;20191218;000000;109.0000000;109.5000000;107.2600000;107.2800000;7416920
MOEX;D;20191219;000000;107.5900000;109.0000000;107.4000000;108.5500000;7522810
MOEX;D;20191220;000000;108.3200000;108.5900000;107.4800000;107.4800000;4639180
MOEX;D;20191223;000000;107.6500000;108.2600000;107.4000000;108.0500000;2513230
MOEX;D;20191224;000000;108.1000000;108.1000000;106.9400000;107.2000000;1732790
MOEX;D;20191225;000000;107.2500000;107.3400000;106.3700000;106.8200000;1953190
MOEX;D;20191226;000000;106.6000000;107.3400000;106.1000000;106.7400000;1856950
MOEX;D;20191227;000000;106.8200000;107.3500000;106.2400000;107.0800000;2950320
MOEX;D;20191230;000000;107.1900000;108.2000000;106.9400000;107.7500000;3990450
MOEX;D;20200103;000000;107.8800000;109.8600000;106.7000000;107.1800000;5154350
MOEX;D;20200106;000000;107.1900000;108.0300000;106.4200000;108.0300000;2311860
MOEX;D;20200108;000000;107.7000000;111.1800000;107.5000000;110.8400000;9716990
MOEX;D;20200109;000000;110.7300000;111.2000000;109.6000000;111.0000000;5641720
MOEX;D;20200110;000000;111.0100000;113.0000000;110.6100000;112.9900000;7684170
MOEX;D;20200113;000000;112.9900000;114.2000000;112.1600000;114.1000000;7726580
MOEX;D;20200114;000000;114.1900000;115.0000000;113.2300000;114.0200000;6812770
MOEX;D;20200115;000000;113.7000000;115.8800000;113.5400000;115.8800000;10340810
MOEX;D;20200116;000000;116.0000000;116.3800000;113.8100000;114.5000000;9399950
MOEX;D;20200117;000000;114.4300000;115.2600000;114.0700000;114.8000000;6495930
MOEX;D;20200120;000000;114.8100000;116.0000000;114.4300000;116.0000000;7351930
MOEX;D;20200121;000000;115.9000000;115.9900000;113.2000000;114.6200000;8473780
MOEX;D;20200122;000000;114.6200000;114.9700000;113.5800000;114.5000000;6653770
MOEX;D;20200123;000000;114.1100000;114.4500000;112.2700000;113.8200000;5101440
MOEX;D;20200124;000000;113.9000000;114.4200000;112.6300000;113.0000000;4310050
MOEX;D;20200127;000000;112.6100000;112.9500000;109.9800000;110.6200000;6145540
MOEX;D;20200128;000000;110.9300000;112.4900000;109.3000000;111.3000000;5365180
MOEX;D;20200129;000000;111.8900000;113.4400000;110.9100000;111.8000000;4691560
MOEX;D;20200130;000000;111.5600000;112.5800000;110.8100000;111.8100000;5369210
MOEX;D;20200131;000000;111.8200000;112.5000000;109.9400000;109.9400000;5533850
MOEX;D;20200203;000000;107.9900000;111.8900000;107.4700000;110.9400000;7576010
MOEX;D;20200204;000000;111.4500000;113.9400000;111.2200000;113.3500000;9947810
MOEX;D;20200205;000000;113.9600000;114.5500000;112.4700000;113.3000000;5914250
MOEX;D;20200206;000000;113.7900000;114.3000000;110.4900000;112.4200000;7776560
MOEX;D;20200207;000000;112.3900000;113.3800000;111.3100000;113.1600000;4936740
MOEX;D;20200210;000000;112.7300000;113.9400000;111.5300000;113.8000000;6625080
MOEX;D;20200211;000000;113.8200000;115.0000000;112.1400000;114.0000000;5484050
MOEX;D;20200212;000000;114.1600000;114.4900000;112.2200000;112.9100000;7314950
MOEX;D;20200213;000000;112.7600000;113.1300000;111.8000000;112.2500000;5115260
MOEX;D;20200214;000000;112.5400000;112.8800000;111.5200000;112.5000000;3345060
MOEX;D;20200217;000000;112.8200000;112.9500000;112.0100000;112.8000000;2223950
MOEX;D;20200218;000000;112.5000000;112.5700000;111.5700000;111.8000000;4161000
MOEX;D;20200219;000000;112.0300000;112.5400000;111.6000000;111.6500000;3622010
MOEX;D;20200220;000000;111.9000000;112.3200000;111.6500000;112.0000000;5661670
MOEX;D;20200221;000000;111.8800000;112.5200000;111.2000000;111.3300000;4941690
MOEX;D;20200225;000000;110.6800000;111.2900000;107.5400000;107.5400000;9511800
MOEX;D;20200226;000000;107.5100000;107.5200000;105.1000000;107.3000000;12937820
MOEX;D;20200227;000000;106.6600000;106.9000000;104.1200000;104.7300000;10684200
MOEX;D;20200228;000000;101.8100000;103.5000000;92.3000000;99.0800000;29274200
MOEX;D;20200302;000000;101.2200000;102.5500000;99.0000000;99.7300000;15254710
MOEX;D;20200303;000000;101.1000000;101.7000000;97.3900000;98.0800000;32392430
MOEX;D;20200304;000000;97.8000000;98.6500000;96.1700000;96.5000000;27496360
MOEX;D;20200305;000000;97.3700000;97.6900000;94.5300000;94.9300000;26799870
MOEX;D;20200306;000000;95.1100000;95.4000000;89.3200000;90.9500000;53715490
MOEX;D;20200310;000000;82.0000000;93.9200000;81.8600000;90.0000000;56519320
MOEX;D;20200311;000000;92.0300000;94.7000000;90.3700000;92.6400000;42978310
MOEX;D;20200312;000000;90.6700000;92.4400000;87.2000000;91.6900000;33043830
MOEX;D;20200313;000000;91.9100000;94.5800000;88.9900000;90.0100000;40062040
MOEX;D;20200316;000000;89.0000000;90.8900000;85.0200000;87.5000000;29051800
MOEX;D;20200317;000000;87.5100000;88.4800000;83.0100000;83.9700000;69812010
MOEX;D;20200318;000000;83.3000000;84.3200000;80.0000000;80.9800000;23334320
MOEX;D;20200319;000000;80.9400000;88.4600000;79.5400000;88.4600000;34081600
MOEX;D;20200320;000000;89.9700000;93.0000000;89.5000000;92.0000000;29818480
MOEX;D;20200323;000000;90.1600000;91.7100000;86.1600000;91.6000000;17792970
MOEX;D;20200324;000000;93.4000000;95.9500000;93.0100000;94.4600000;15125640
MOEX;D;20200325;000000;95.3900000;97.4600000;89.3800000;92.9700000;23129240
MOEX;D;20200326;000000;92.4900000;95.0000000;90.7100000;92.7800000;17209740
MOEX;D;20200327;000000;93.2000000;94.0000000;90.1500000;91.7300000;21922790
MOEX;D;20200330;000000;91.3500000;94.0800000;89.4400000;93.6000000;17023750
MOEX;D;20200331;000000;93.8500000;97.2500000;93.7000000;97.2500000;21059580
MOEX;D;20200401;000000;95.8000000;97.2400000;95.0300000;96.7100000;15151410
MOEX;D;20200402;000000;97.4800000;98.2300000;95.2700000;97.2500000;16354160
MOEX;D;20200403;000000;97.0000000;100.0200000;96.7100000;99.0000000;19250520
MOEX;D;20200406;000000;99.8800000;101.4400000;98.9000000;100.7500000;15667180
MOEX;D;20200407;000000;102.2600000;103.5000000;100.3500000;101.3700000;19253060
MOEX;D;20200408;000000;101.0200000;104.3000000;100.0000000;104.2000000;17404780
MOEX;D;20200409;000000;104.9800000;106.9000000;103.9300000;106.9000000;24301180
MOEX;D;20200410;000000;106.3700000;106.4600000;105.1400000;105.4000000;4959800
MOEX;D;20200413;000000;105.8000000;106.1500000;101.0500000;103.3300000;6714190
MOEX;D;20200414;000000;104.2000000;106.8400000;104.2000000;106.2000000;13661070
MOEX;D;20200415;000000;106.0000000;106.7900000;102.1100000;102.6800000;19743420
MOEX;D;20200416;000000;103.5900000;108.9800000;102.8000000;108.5800000;25882140
MOEX;D;20200417;000000;109.6600000;113.7700000;109.5200000;113.3700000;25183470
MOEX;D;20200420;000000;113.2900000;113.3600000;111.6500000;111.8000000;14082900
MOEX;D;20200421;000000;111.1100000;111.8000000;108.3700000;111.0000000;20121940
MOEX;D;20200422;000000;111.0300000;118.8400000;110.2500000;116.0400000;26435730
MOEX;D;20200423;000000;119.5100000;119.9000000;116.8000000;117.5000000;14157240
MOEX;D;20200424;000000;117.5000000;118.2300000;115.5800000;117.0300000;11175860
MOEX;D;20200427;000000;118.0000000;120.6500000;117.8500000;120.1000000;14633440
MOEX;D;20200428;000000;120.3000000;125.3500000;118.8000000;125.3500000;27517260
MOEX;D;20200429;000000;126.1400000;129.1500000;120.7700000;121.5000000;30464760
MOEX;D;20200430;000000;121.7000000;123.9400000;116.9700000;120.2300000;27821040
MOEX;D;20200504;000000;118.7900000;122.4700000;117.8800000;119.6000000;18316650
MOEX;D;20200505;000000;121.1000000;121.5900000;119.8500000;120.9900000;9651540
MOEX;D;20200506;000000;121.5700000;123.6800000;120.9200000;122.7400000;14738800
MOEX;D;20200507;000000;123.3500000;125.2500000;122.9200000;124.7800000;14237160
MOEX;D;20200508;000000;125.5200000;127.7800000;124.2000000;127.0900000;13939480
MOEX;D;20200512;000000;127.5100000;128.7400000;125.7000000;128.3000000;20505880
MOEX;D;20200513;000000;128.0000000;128.0000000;125.1000000;127.2800000;28869690
MOEX;D;20200514;000000;120.1000000;120.2900000;114.6200000;116.4600000;34390450
MOEX;D;20200515;000000;118.0000000;119.6000000;113.1100000;113.5700000;30193450
MOEX;D;20200518;000000;114.8900000;115.9100000;113.1700000;115.9100000;28481930
MOEX;D;20200519;000000;115.8000000;116.6000000;114.0000000;114.4000000;11905550
MOEX;D;20200520;000000;114.5000000;116.0600000;114.2300000;115.8000000;12456070
MOEX;D;20200521;000000;116.0000000;116.3900000;114.8000000;115.3500000;11804870
MOEX;D;20200522;000000;114.5100000;114.9400000;113.3000000;114.4700000;6146750
MOEX;D;20200525;000000;114.3100000;115.9800000;114.2600000;115.9800000;6263720
MOEX;D;20200526;000000;116.5800000;116.8200000;114.8600000;115.3300000;8995840
MOEX;D;20200527;000000;115.3000000;116.4000000;113.7700000;114.5900000;12452760
MOEX;D;20200528;000000;114.5800000;115.4600000;114.2400000;115.3900000;6095670
MOEX;D;20200529;000000;115.0200000;115.1900000;113.9000000;114.2900000;12949030
MOEX;D;20200601;000000;114.2800000;115.3200000;113.3900000;114.4200000;9252630
MOEX;D;20200602;000000;115.0000000;116.1000000;114.0100000;115.5000000;17253570
MOEX;D;20200603;000000;115.5700000;119.3500000;115.3800000;118.4800000;23084450
MOEX;D;20200604;000000;118.5400000;119.5700000;115.8300000;118.4000000;12710780
MOEX;D;20200605;000000;118.7600000;118.9500000;117.3000000;118.2800000;8439600
MOEX;D;20200608;000000;118.5600000;119.1700000;116.0000000;116.6600000;11402650
MOEX;D;20200609;000000;116.9000000;117.3900000;114.5100000;115.0500000;9944460
MOEX;D;20200610;000000;115.3800000;116.5000000;115.1000000;115.4200000;7345270
MOEX;D;20200611;000000;115.1500000;116.4600000;114.0600000;116.0500000;8257990
MOEX;D;20200615;000000;114.8800000;116.4400000;111.3800000;116.2400000;11584590
MOEX;D;20200616;000000;116.5800000;117.5900000;116.1300000;116.1300000;9798960
MOEX;D;20200617;000000;116.4500000;117.2600000;115.0000000;115.0000000;11338300
MOEX;D;20200618;000000;115.2400000;116.5500000;114.9400000;115.1600000;9494750
MOEX;D;20200619;000000;116.0000000;116.5000000;115.1000000;115.6700000;13045200
MOEX;D;20200622;000000;115.9400000;116.4500000;114.6600000;116.0000000;7622210
MOEX;D;20200623;000000;116.4200000;116.4200000;115.0200000;115.4000000;8016760
MOEX;D;20200625;000000;115.1000000;115.6000000;113.6000000;114.8700000;13266030
MOEX;D;20200626;000000;115.0600000;115.3900000;111.4700000;113.4200000;9953470
MOEX;D;20200629;000000;113.0100000;114.2000000;112.2400000;113.4000000;6814680
MOEX;D;20200630;000000;113.7700000;114.3400000;112.7400000;113.2500000;8158500
MOEX;D;20200702;000000;113.8700000;116.3300000;113.4800000;116.0700000;12164250
MOEX;D;20200703;000000;116.3100000;116.4000000;115.5600000;116.1400000;3151600
MOEX;D;20200706;000000;116.8800000;120.0000000;116.4000000;118.9900000;19529630
MOEX;D;20200707;000000;120.4600000;123.5000000;118.5900000;122.5100000;23113330
MOEX;D;20200708;000000;122.5500000;123.6900000;121.7000000;122.4800000;8801080
MOEX;D;20200709;000000;122.6500000;124.9500000;122.3700000;124.0100000;11654540
MOEX;D;20200710;000000;123.6500000;126.8000000;123.0900000;126.4500000;15141890
MOEX;D;20200713;000000;126.8000000;127.8600000;121.8100000;124.0400000;11794230
MOEX;D;20200714;000000;123.5100000;124.9800000;121.3200000;124.9200000;9325900
MOEX;D;20200715;000000;125.2700000;125.8300000;123.7800000;125.6900000;10201820
MOEX;D;20200716;000000;125.0000000;126.7000000;124.3300000;125.3400000;9086770
MOEX;D;20200717;000000;125.3800000;125.8000000;124.0100000;125.3700000;4234760
MOEX;D;20200720;000000;125.2100000;126.3000000;124.2700000;125.9200000;4482530
MOEX;D;20200721;000000;126.1600000;127.3000000;124.3000000;124.6100000;11024160
MOEX;D;20200722;000000;124.8000000;126.6300000;124.3700000;126.3800000;5359860
MOEX;D;20200723;000000;126.6300000;127.1500000;124.7000000;125.4600000;5045860
MOEX;D;20200724;000000;125.6000000;128.3300000;125.1700000;128.2000000;7867840
MOEX;D;20200727;000000;128.2000000;132.2400000;127.5000000;132.0000000;11527590
MOEX;D;20200728;000000;132.0700000;133.9900000;130.9600000;131.7600000;8778300
MOEX;D;20200729;000000;131.8000000;134.0100000;131.6000000;133.9900000;5252740
MOEX;D;20200730;000000;133.9800000;134.2000000;128.6300000;131.7600000;6994570
MOEX;D;20200731;000000;132.0000000;133.5000000;131.1400000;133.2500000;7290880
MOEX;D;20200803;000000;133.5300000;139.7700000;133.5300000;138.8600000;21214920
MOEX;D;20200804;000000;139.3500000;140.7900000;137.2700000;140.5500000;16587720
MOEX;D;20200805;000000;140.8600000;146.9400000;140.1400000;145.3500000;15249320
MOEX;D;20200806;000000;145.0200000;148.1200000;144.2000000;147.1000000;14699370
MOEX;D;20200807;000000;146.4000000;146.4900000;142.5600000;143.2400000;17179000
MOEX;D;20200810;000000;142.4900000;143.6500000;139.5200000;140.7700000;12412650
MOEX;D;20200811;000000;140.7600000;144.9000000;140.7000000;143.1400000;12421460
MOEX;D;20200812;000000;143.1800000;144.9700000;142.0000000;144.6500000;8014890
MOEX;D;20200813;000000;144.7700000;147.5000000;143.7600000;146.0600000;11882010
MOEX;D;20200814;000000;146.2000000;146.7000000;142.6600000;143.7500000;10798000
MOEX;D;20200817;000000;144.0000000;145.9500000;141.7000000;143.9600000;12045750
MOEX;D;20200818;000000;143.8800000;145.2300000;143.0500000;143.5700000;6660360
MOEX;D;20200819;000000;143.6300000;145.1000000;142.6100000;144.3400000;6175870
MOEX;D;20200820;000000;143.4400000;145.1000000;143.0900000;144.3500000;8051850
MOEX;D;20200821;000000;146.0100000;146.9000000;142.0200000;146.1800000;12863720
MOEX;D;20200824;000000;146.9900000;148.8000000;144.5000000;145.7200000;9886800
MOEX;D;20200825;000000;145.8900000;146.4000000;143.0500000;143.7200000;7189260
MOEX;D;20200826;000000;144.0700000;144.3500000;142.3600000;143.5200000;6586400
MOEX;D;20200827;000000;143.6700000;143.9000000;140.6700000;141.6000000;6548690
MOEX;D;20200828;000000;141.9500000;141.9500000;138.1500000;139.3800000;7027480
MOEX;D;20200831;000000;140.0000000;140.6900000;135.6200000;137.8700000;16114640
MOEX;D;20200901;000000;138.0600000;138.8900000;135.2000000;137.5000000;11052480
MOEX;D;20200902;000000;138.0800000;139.1900000;136.5800000;137.0500000;11740410
MOEX;D;20200903;000000;136.9600000;138.5000000;135.3100000;136.5000000;12731080
MOEX;D;20200904;000000;136.0500000;137.0800000;129.0000000;135.0800000;9157150
MOEX;D;20200907;000000;134.1900000;137.7900000;133.5800000;136.7700000;7254750
MOEX;D;20200908;000000;137.1500000;137.8600000;134.5500000;136.5400000;8021450
MOEX;D;20200909;000000;136.1400000;137.0700000;135.0500000;136.8600000;4027390
MOEX;D;20200910;000000;136.7900000;140.5400000;136.2800000;139.1500000;7795060
MOEX;D;20200911;000000;139.3100000;139.8500000;137.8500000;138.3900000;4385710
MOEX;D;20200914;000000;139.0200000;139.6600000;137.0100000;137.7900000;10383420
MOEX;D;20200915;000000;138.0000000;140.2700000;137.5100000;139.8400000;8048940
MOEX;D;20200916;000000;139.9800000;145.9000000;139.8000000;145.5700000;19162290
MOEX;D;20200917;000000;144.7900000;149.4200000;144.2300000;148.6800000;19453870
MOEX;D;20200918;000000;149.5500000;150.0000000;145.5000000;146.2600000;14469300
MOEX;D;20200921;000000;146.3200000;146.3200000;140.4100000;142.2400000;11085810
MOEX;D;20200922;000000;140.9500000;148.7000000;140.8000000;144.5700000;16426140
MOEX;D;20200923;000000;145.0200000;147.1500000;143.2600000;143.9000000;12042310
MOEX;D;20200924;000000;144.1700000;145.8500000;141.3500000;145.3000000;11411030
MOEX;D;20200925;000000;145.0100000;147.9800000;143.1000000;144.6500000;8015350
MOEX;D;20200928;000000;145.2500000;148.1200000;144.8900000;147.5000000;7518740
MOEX;D;20200929;000000;147.6000000;149.3300000;145.1800000;148.9600000;13535700
MOEX;D;20200930;000000;148.4800000;149.8800000;146.3700000;146.9200000;10539580
MOEX;D;20201001;000000;147.3900000;147.9000000;145.1300000;146.0100000;7334680
MOEX;D;20201002;000000;145.4800000;148.3000000;144.7800000;148.1000000;10700130
MOEX;D;20201005;000000;148.9100000;155.9200000;148.4000000;154.5300000;31277060
MOEX;D;20201006;000000;154.7000000;155.6800000;153.4000000;154.1600000;12035550
MOEX;D;20201007;000000;154.4000000;154.4800000;150.8200000;151.9000000;9239770
MOEX;D;20201008;000000;152.3900000;153.3400000;149.6700000;150.3800000;9141630
MOEX;D;20201009;000000;150.2900000;151.2800000;148.8400000;149.5500000;7964210
MOEX;D;20201012;000000;149.9600000;153.1000000;149.0900000;151.6600000;11380390
MOEX;D;20201013;000000;151.4700000;151.9700000;147.0300000;148.4000000;14368720
MOEX;D;20201014;000000;149.0000000;151.4500000;148.4100000;149.3000000;10567800
MOEX;D;20201015;000000;149.2500000;151.9000000;148.4400000;150.2500000;8560780
MOEX;D;20201016;000000;150.1000000;150.1000000;146.1600000;146.9200000;13656000
MOEX;D;20201019;000000;147.1500000;147.6300000;143.4400000;144.4200000;13839500
MOEX;D;20201020;000000;144.0200000;147.8800000;142.2800000;146.2600000;13183590
MOEX;D;20201021;000000;146.5200000;148.6000000;146.0000000;146.9400000;8970060
MOEX;D;20201022;000000;146.6400000;147.1500000;144.2300000;145.3200000;9118120
MOEX;D;20201023;000000;145.7700000;145.9700000;140.8600000;142.6700000;14675870
MOEX;D;20201026;000000;142.0000000;142.2600000;140.0000000;140.9400000;10361620
MOEX;D;20201027;000000;140.9400000;141.6000000;139.3900000;141.1800000;6656230
MOEX;D;20201028;000000;140.8900000;141.0900000;134.8000000;138.1000000;17639500
MOEX;D;20201029;000000;139.4500000;141.2000000;137.2000000;140.3000000;14580810
MOEX;D;20201030;000000;139.4300000;139.6600000;133.7500000;134.1900000;20539010
MOEX;D;20201102;000000;133.9000000;133.9300000;131.0200000;133.2000000;23645030
MOEX;D;20201103;000000;133.6800000;134.9900000;132.3900000;132.8700000;14961780
MOEX;D;20201105;000000;134.2300000;138.1100000;133.2500000;137.7500000;20715560
MOEX;D;20201106;000000;136.9200000;139.6000000;136.1900000;137.6500000;10970150
MOEX;D;20201109;000000;138.9200000;142.2400000;138.5900000;141.2400000;19884090
MOEX;D;20201110;000000;141.0000000;141.2400000;137.0900000;138.4600000;15558530
MOEX;D;20201111;000000;139.5100000;139.7000000;133.5200000;135.7300000;15731500
MOEX;D;20201112;000000;134.8000000;135.9200000;132.6700000;134.1000000;17783670
MOEX;D;20201113;000000;134.0100000;134.9000000;133.2000000;134.5700000;12912360
MOEX;D;20201116;000000;136.0000000;137.2500000;134.7000000;136.3400000;17359010
MOEX;D;20201117;000000;136.2700000;136.5000000;134.0900000;136.0500000;15657390
MOEX;D;20201118;000000;135.8500000;139.2900000;135.1500000;137.1500000;15107350
MOEX;D;20201119;000000;137.7500000;139.9800000;136.7100000;138.9600000;14015500
MOEX;D;20201120;000000;139.0300000;140.2000000;138.4000000;139.4800000;12422560
MOEX;D;20201123;000000;139.6000000;141.8400000;137.2300000;138.6900000;17320490
MOEX;D;20201124;000000;139.4800000;141.6100000;139.0400000;141.3800000;12540140
MOEX;D;20201125;000000;141.7000000;143.5400000;140.1500000;142.7800000;16822620
MOEX;D;20201126;000000;143.3100000;147.6800000;142.7700000;146.8600000;17326280
MOEX;D;20201127;000000;146.9700000;154.1200000;146.9500000;153.1000000;30165310
MOEX;D;20201130;000000;152.5200000;154.8700000;151.3600000;152.8800000;25868140
MOEX;D;20201201;000000;153.0600000;155.3500000;152.9200000;154.8200000;10259400
MOEX;D;20201202;000000;154.9800000;158.5000000;154.1200000;158.4400000;16614580
MOEX;D;20201203;000000;158.3800000;162.8000000;157.1400000;157.8600000;21901100
MOEX;D;20201204;000000;158.5000000;159.4100000;156.0000000;157.6000000;12172200
MOEX;D;20201207;000000;157.6000000;158.4900000;156.5500000;157.5100000;4962710
MOEX;D;20201208;000000;157.6000000;159.7700000;156.8000000;159.0000000;8027380
MOEX;D;20201209;000000;159.1000000;164.3900000;159.1000000;162.5700000;17385880
MOEX;D;20201210;000000;163.0000000;165.6000000;162.6900000;164.7200000;12297880
MOEX;D;20201211;000000;165.3200000;168.4300000;165.1000000;167.7100000;12198670
MOEX;D;20201214;000000;168.5300000;169.0000000;161.7500000;163.0000000;17154750
MOEX;D;20201215;000000;162.5400000;165.7600000;159.4500000;165.3500000;11432560
MOEX;D;20201216;000000;165.7000000;166.8600000;162.0400000;163.6400000;12935090
MOEX;D;20201217;000000;163.9000000;165.4700000;162.6000000;163.2100000;14836690
MOEX;D;20201218;000000;162.9000000;163.1900000;159.6900000;160.6600000;12251770
MOEX;D;20201221;000000;159.9900000;160.6700000;152.7600000;158.3800000;13474620
MOEX;D;20201222;000000;157.0200000;163.3000000;156.9000000;161.1700000;11743350
MOEX;D;20201223;000000;161.2100000;162.8600000;159.9300000;162.1900000;5584510
MOEX;D;20201224;000000;162.0000000;163.4800000;160.1100000;160.9500000;5244500
MOEX;D;20201225;000000;161.4300000;161.9700000;159.0100000;160.1900000;2030940
MOEX;D;20201228;000000;161.0000000;161.3600000;158.0200000;159.2300000;4915960
MOEX;D;20201229;000000;158.9300000;160.0600000;158.4800000;159.6700000;3051150
MOEX;D;20201230;000000;159.1200000;160.3000000;158.8500000;159.2500000;2674480
MOEX;D;20210104;000000;159.6800000;161.8100000;158.7200000;159.0000000;6817860
MOEX;D;20210105;000000;159.1100000;161.5800000;157.2500000;161.3700000;8432440
MOEX;D;20210106;000000;161.6000000;162.9000000;159.5000000;160.9100000;8163240
MOEX;D;20210108;000000;161.5200000;162.9700000;159.3400000;160.3300000;12659660
MOEX;D;20210111;000000;160.1500000;161.1900000;158.5100000;159.4900000;9103370
MOEX;D;20210112;000000;159.7600000;160.0000000;157.5400000;158.5000000;8423740
MOEX;D;20210113;000000;158.5000000;160.4900000;158.3000000;159.5000000;11993070
MOEX;D;20210114;000000;159.9000000;160.9600000;158.6600000;159.7600000;9705560
MOEX;D;20210115;000000;159.5000000;161.8400000;158.3800000;159.9000000;13803300
MOEX;D;20210118;000000;160.1000000;160.8800000;159.4300000;160.1600000;5302280
MOEX;D;20210119;000000;160.6200000;166.9900000;160.6100000;166.8900000;21239470
MOEX;D;20210120;000000;167.0400000;167.8200000;162.6500000;164.2200000;12694930
MOEX;D;20210121;000000;164.7100000;166.0000000;158.8500000;159.5700000;13328560
MOEX;D;20210122;000000;158.6000000;158.9000000;156.2200000;158.6600000;8826580
MOEX;D;20210125;000000;159.0000000;165.3700000;158.4100000;162.8000000;12891870
MOEX;D;20210126;000000;162.9800000;163.5900000;161.1200000;162.8900000;4836840
MOEX;D;20210127;000000;163.1300000;164.6800000;159.4200000;160.5100000;7740850
MOEX;D;20210128;000000;159.5900000;162.4300000;158.0600000;160.5100000;6573500
MOEX;D;20210129;000000;160.3600000;160.5800000;156.7300000;157.6200000;7781480
MOEX;D;20210201;000000;158.2800000;158.5000000;154.3500000;157.2800000;9129170
MOEX;D;20210202;000000;157.5000000;161.0000000;156.7900000;158.9900000;10279640
MOEX;D;20210203;000000;159.0000000;160.6000000;157.5200000;158.8900000;6419440
MOEX;D;20210204;000000;159.0900000;159.5600000;157.5500000;158.6400000;8091470
MOEX;D;20210205;000000;158.9500000;159.4500000;157.3100000;158.2000000;4864810
MOEX;D;20210208;000000;158.8100000;161.9500000;158.4200000;161.3200000;8486830
MOEX;D;20210209;000000;161.9900000;165.2000000;161.5000000;164.0900000;13509560
MOEX;D;20210210;000000;165.0200000;165.5500000;160.4000000;160.7600000;8172530
MOEX;D;20210211;000000;160.7700000;162.3000000;159.9000000;160.1100000;4106900
MOEX;D;20210212;000000;160.1300000;163.6200000;158.4000000;163.2800000;8360420
MOEX;D;20210215;000000;163.5300000;165.4900000;163.4100000;165.2900000;7667250
MOEX;D;20210216;000000;165.5000000;166.7000000;162.4000000;162.8800000;6897690
MOEX;D;20210217;000000;162.8200000;165.0000000;161.2200000;164.5000000;9293280
MOEX;D;20210218;000000;164.6000000;164.9500000;160.0100000;160.9800000;8932930
MOEX;D;20210219;000000;160.5500000;167.1500000;160.4000000;165.5500000;14411460
MOEX;D;20210220;000000;165.8000000;166.0000000;164.1900000;165.5500000;960870
MOEX;D;20210222;000000;165.5500000;170.1300000;164.6500000;169.5000000;15510880
MOEX;D;20210224;000000;169.0400000;175.7000000;167.7000000;173.2800000;19195250
MOEX;D;20210225;000000;172.8300000;175.2500000;171.0300000;172.6000000;12402290
MOEX;D;20210226;000000;171.7600000;173.8300000;171.5800000;173.3100000;11117890
MOEX;D;20210301;000000;174.1000000;178.4800000;174.0000000;177.6500000;15167220
MOEX;D;20210302;000000;177.0500000;178.3300000;173.2400000;174.3300000;14253390
MOEX;D;20210303;000000;174.5500000;176.5900000;169.7200000;170.6200000;13551240
MOEX;D;20210304;000000;170.0000000;171.9000000;168.6200000;169.5600000;8314070
MOEX;D;20210305;000000;170.9000000;171.3900000;164.3000000;167.4300000;15408470
MOEX;D;20210309;000000;166.6000000;170.5900000;166.4600000;168.4800000;15954190
MOEX;D;20210310;000000;168.3700000;170.1400000;167.5200000;169.0300000;6979050
MOEX;D;20210311;000000;169.0600000;170.8000000;168.0700000;169.0100000;7275540
MOEX;D;20210312;000000;169.2200000;169.6600000;166.2600000;167.8700000;8246150
MOEX;D;20210315;000000;168.2500000;168.9300000;163.7500000;167.9000000;13173220
MOEX;D;20210316;000000;168.0100000;168.1800000;165.6700000;166.3600000;7191610
MOEX;D;20210317;000000;166.6000000;167.5000000;165.4100000;167.1900000;5636660
MOEX;D;20210318;000000;167.9400000;170.8200000;166.8600000;167.7500000;13599310
MOEX;D;20210319;000000;168.3600000;169.5400000;167.1100000;168.1700000;9196510
MOEX;D;20210322;000000;168.2500000;169.8000000;167.5500000;168.5300000;5070490
MOEX;D;20210323;000000;167.7200000;168.4300000;166.0400000;166.3000000;4993190
MOEX;D;20210324;000000;166.3500000;168.7500000;165.3200000;167.9900000;6118860
MOEX;D;20210325;000000;167.1000000;168.9200000;167.0900000;167.8800000;4176760
MOEX;D;20210326;000000;168.7000000;169.8400000;168.3000000;169.5700000;4734630
MOEX;D;20210329;000000;169.8000000;170.2300000;168.6100000;169.9400000;4007100
MOEX;D;20210330;000000;169.2500000;171.4600000;168.2400000;170.5500000;6032910
MOEX;D;20210331;000000;170.8400000;175.7000000;169.7000000;173.9500000;14598350
MOEX;D;20210401;000000;174.2500000;175.1800000;168.8300000;170.5600000;11578520
MOEX;D;20210402;000000;171.0000000;171.4000000;168.5000000;169.4100000;5972960
MOEX;D;20210405;000000;168.9100000;170.4300000;168.5800000;169.9900000;3171880
MOEX;D;20210406;000000;169.5900000;172.4800000;169.2300000;169.4000000;6410340
MOEX;D;20210407;000000;169.7500000;173.5200000;166.4300000;172.0900000;12968740
MOEX;D;20210408;000000;172.1800000;173.6600000;171.3100000;172.2100000;4936730
MOEX;D;20210409;000000;172.3200000;172.4900000;169.8500000;171.0300000;4064250
MOEX;D;20210412;000000;171.1700000;173.4000000;170.1000000;171.6800000;4487520
MOEX;D;20210413;000000;171.8000000;174.5000000;171.1900000;173.7300000;6349400
MOEX;D;20210414;000000;174.0200000;175.0000000;171.6100000;173.9000000;4896730
MOEX;D;20210415;000000;172.8700000;174.6400000;170.8600000;171.9500000;7934970
MOEX;D;20210416;000000;172.0000000;173.8300000;171.7900000;173.4700000;4688720
MOEX;D;20210419;000000;173.1300000;174.5200000;173.0000000;173.7200000;6063290
MOEX;D;20210420;000000;173.9900000;174.2500000;168.5800000;170.9200000;11261990
MOEX;D;20210421;000000;170.8700000;171.2700000;169.2000000;170.8100000;5348360
MOEX;D;20210422;000000;170.9900000;171.0800000;169.1500000;169.9100000;7350410
MOEX;D;20210423;000000;170.1000000;172.0000000;169.8200000;171.2000000;4603740
MOEX;D;20210426;000000;171.8700000;173.9100000;171.1000000;173.2000000;6212600
MOEX;D;20210427;000000;173.5400000;178.3000000;173.5000000;177.8700000;13405600
MOEX;D;20210428;000000;177.8100000;178.0000000;174.0100000;176.8300000;4284080
MOEX;D;20210429;000000;176.4300000;177.4900000;175.7400000;177.2700000;5219200
MOEX;D;20210430;000000;177.9800000;181.6200000;176.1000000;177.8000000;13981770
MOEX;D;20210504;000000;178.8100000;182.4000000;177.8600000;181.0000000;11647040
MOEX;D;20210505;000000;180.8300000;184.1500000;180.7300000;184.0000000;5674690
MOEX;D;20210506;000000;183.6500000;189.0500000;183.1800000;188.8800000;9634640
MOEX;D;20210507;000000;189.0500000;189.8000000;186.5200000;187.3700000;6064730
MOEX;D;20210510;000000;187.3000000;187.3500000;184.3400000;187.0100000;6450660
MOEX;D;20210511;000000;185.1900000;190.6400000;185.1900000;190.2300000;9059490
MOEX;D;20210512;000000;190.9700000;192.6300000;187.0700000;187.6300000;16324600
MOEX;D;20210513;000000;180.0000000;180.8000000;175.2800000;178.9100000;17036780
MOEX;D;20210514;000000;179.8300000;180.4500000;174.1100000;175.3500000;10315160
MOEX;D;20210517;000000;175.7500000;178.0500000;174.4100000;176.8900000;7707590
MOEX;D;20210518;000000;176.8900000;178.0500000;173.7200000;174.1800000;8544790
MOEX;D;20210519;000000;174.1800000;174.4500000;170.8800000;172.6500000;7276210
MOEX;D;20210520;000000;172.4500000;173.4000000;170.5500000;170.9900000;5982280
MOEX;D;20210521;000000;170.9200000;171.2800000;167.6400000;168.9700000;12096030
MOEX;D;20210524;000000;169.3800000;169.9600000;168.8000000;169.6800000;5613230
MOEX;D;20210525;000000;170.2500000;171.5000000;168.7400000;169.7500000;10650760
MOEX;D;20210526;000000;170.1300000;170.1600000;168.7300000;169.9500000;6761610
MOEX;D;20210527;000000;170.1600000;170.4200000;167.7300000;168.1700000;14815240
MOEX;D;20210528;000000;168.1700000;168.9900000;167.1000000;168.3100000;5581960
MOEX;D;20210531;000000;168.3300000;169.8200000;167.9000000;169.1400000;6393980
MOEX;D;20210601;000000;169.4500000;170.8000000;168.4500000;170.3000000;10939660
MOEX;D;20210602;000000;170.4000000;172.2000000;169.2500000;171.1400000;10889280
MOEX;D;20210603;000000;171.5000000;171.7700000;169.5300000;170.5300000;10767260
MOEX;D;20210604;000000;170.6200000;172.8500000;169.7700000;172.8000000;11432580
MOEX;D;20210607;000000;172.9200000;176.2700000;171.9700000;176.0100000;9912080
MOEX;D;20210608;000000;175.7500000;177.2500000;172.7300000;175.7500000;10653670
MOEX;D;20210609;000000;175.7500000;176.6500000;174.6100000;176.1500000;8507290
MOEX;D;20210610;000000;176.0000000;176.9500000;175.0000000;175.5400000;5548690
MOEX;D;20210611;000000;176.0000000;177.4000000;173.8100000;174.9600000;7882290
MOEX;D;20210614;000000;175.2000000;175.9500000;174.2100000;175.0100000;4173330
MOEX;D;20210615;000000;175.2700000;176.5000000;174.9500000;176.0600000;9193150
MOEX;D;20210616;000000;176.0600000;177.2300000;174.7700000;175.5600000;7737110
MOEX;D;20210617;000000;175.3000000;179.9300000;173.9300000;178.7900000;12637740
MOEX;D;20210618;000000;179.0300000;180.3000000;175.6200000;176.6900000;14152710
MOEX;D;20210621;000000;176.3400000;178.3200000;175.1800000;178.2000000;6837530
MOEX;D;20210622;000000;178.3000000;178.7200000;175.6800000;176.2500000;5458910
MOEX;D;20210623;000000;176.7600000;176.8900000;174.7800000;175.2800000;4520290
MOEX;D;20210624;000000;175.3000000;175.9400000;173.1900000;174.1500000;6066120
MOEX;D;20210625;000000;174.6800000;174.7500000;171.6000000;172.4600000;6687350
MOEX;D;20210628;000000;172.5100000;175.0500000;172.2700000;173.7300000;6551150
MOEX;D;20210629;000000;173.7000000;175.1400000;170.2800000;170.8200000;10378340
MOEX;D;20210630;000000;170.7000000;171.3600000;168.9200000;171.0500000;11088720
MOEX;D;20210701;000000;171.2000000;172.7000000;169.8300000;171.3000000;8322900
MOEX;D;20210702;000000;171.2900000;172.4100000;170.5300000;171.1000000;5011490
MOEX;D;20210705;000000;171.4800000;173.1900000;170.7800000;173.0700000;3847970
MOEX;D;20210706;000000;173.2800000;175.1900000;170.6000000;171.8000000;10290060
MOEX;D;20210707;000000;172.2000000;172.9000000;170.9000000;171.5200000;5134660
MOEX;D;20210708;000000;170.9000000;172.9000000;170.5500000;172.4800000;6355640
MOEX;D;20210709;000000;172.5900000;173.1700000;171.0100000;171.5500000;6034230
MOEX;D;20210712;000000;171.9000000;172.4500000;170.3000000;171.8200000;6405770
MOEX;D;20210713;000000;172.3600000;172.9600000;170.5300000;171.1000000;6007110
MOEX;D;20210714;000000;171.3900000;172.5700000;170.8000000;171.8500000;5823310
MOEX;D;20210715;000000;172.2500000;172.2500000;170.0300000;170.7000000;6728010
MOEX;D;20210716;000000;170.8900000;172.0000000;168.1700000;169.5100000;5831350
MOEX;D;20210719;000000;168.9900000;171.3200000;163.5800000;164.2000000;13483610
MOEX;D;20210720;000000;164.5000000;168.0000000;164.2800000;167.5800000;7495610
MOEX;D;20210721;000000;167.8200000;168.1200000;166.1800000;166.6000000;5295770
MOEX;D;20210722;000000;167.0500000;170.4200000;166.0000000;170.3900000;8992530
MOEX;D;20210723;000000;171.0000000;171.7000000;169.1400000;170.0000000;4121840
MOEX;D;20210726;000000;169.4900000;171.1500000;168.6000000;171.0500000;4196230
MOEX;D;20210727;000000;170.9300000;172.3500000;169.7600000;171.6300000;6163660
MOEX;D;20210728;000000;171.6400000;172.5000000;171.3300000;171.9000000;3289230
MOEX;D;20210729;000000;172.0000000;174.9600000;171.7500000;174.3200000;6388950
MOEX;D;20210730;000000;173.9000000;174.7900000;172.7100000;173.4100000;4307810
MOEX;D;20210802;000000;173.6800000;176.2300000;173.4400000;174.3000000;5423890
MOEX;D;20210803;000000;174.3700000;175.9200000;172.0900000;174.3000000;5815180
MOEX;D;20210804;000000;174.1700000;175.4600000;174.0500000;174.3500000;5208780
MOEX;D;20210805;000000;174.4000000;176.3500000;174.2000000;176.0000000;5129100
MOEX;D;20210806;000000;175.9900000;176.0000000;174.4100000;174.5000000;2993790
MOEX;D;20210809;000000;174.5000000;176.0000000;173.4900000;174.9300000;4200010
MOEX;D;20210810;000000;174.9200000;176.0000000;174.8000000;175.7900000;2833990
MOEX;D;20210811;000000;175.9600000;176.3400000;175.2200000;176.0300000;5865350
MOEX;D;20210812;000000;176.2200000;177.9000000;175.6000000;177.4800000;6007840
MOEX;D;20210813;000000;177.2500000;177.4900000;174.5200000;174.7400000;4449620
MOEX;D;20210816;000000;174.5200000;175.8400000;173.3000000;174.7100000;4041950
MOEX;D;20210817;000000;175.1700000;181.4600000;174.6600000;180.4500000;10869910
MOEX;D;20210818;000000;181.4900000;185.3300000;181.0100000;182.9500000;10611720
MOEX;D;20210819;000000;182.3400000;185.3200000;180.0600000;180.7100000;10556080
MOEX;D;20210820;000000;180.9700000;184.6700000;178.9900000;181.1000000;6366120
MOEX;D;20210823;000000;181.4200000;182.9900000;180.1300000;180.8800000;4404850
MOEX;D;20210824;000000;181.8900000;182.2200000;179.0500000;179.7900000;3644410
MOEX;D;20210825;000000;179.7900000;182.1800000;179.3300000;179.7300000;4583170
MOEX;D;20210826;000000;179.5000000;180.3600000;178.3500000;179.8300000;4815270
MOEX;D;20210827;000000;180.1000000;182.2300000;180.1000000;181.8300000;4526860
MOEX;D;20210830;000000;182.0000000;184.7400000;181.8600000;182.5200000;6195580
MOEX;D;20210831;000000;182.9000000;187.1000000;182.5200000;183.7300000;12050830
MOEX;D;20210901;000000;184.7200000;187.0000000;184.0100000;186.6200000;4972240
MOEX;D;20210902;000000;187.3000000;191.5200000;186.2500000;191.0200000;11299300
MOEX;D;20210903;000000;191.3000000;191.5000000;185.2000000;186.3900000;8133510
MOEX;D;20210906;000000;186.6800000;188.1700000;184.8000000;185.5600000;3746430
MOEX;D;20210907;000000;185.6700000;187.1900000;184.6500000;186.9000000;3637050
MOEX;D;20210908;000000;186.9000000;187.8300000;181.3000000;182.4900000;7242580
MOEX;D;20210909;000000;182.9200000;184.8800000;181.0200000;182.2900000;6352680
MOEX;D;20210910;000000;182.8900000;187.7800000;182.5800000;186.0900000;7498150
MOEX;D;20210913;000000;186.2600000;186.5600000;183.1500000;184.5000000;5202370
MOEX;D;20210914;000000;184.7200000;185.4900000;180.6000000;181.2300000;6280730
MOEX;D;20210915;000000;181.3900000;185.9900000;181.0400000;184.7700000;7711740
MOEX;D;20210916;000000;185.2000000;185.5800000;178.7300000;180.3000000;11545620
MOEX;D;20210917;000000;180.6400000;183.5200000;180.1300000;182.0800000;13621230
MOEX;D;20210920;000000;181.5600000;183.3000000;179.8600000;180.7700000;4927680
MOEX;D;20210921;000000;180.7700000;182.7200000;180.7700000;181.6800000;3886520
MOEX;D;20210922;000000;182.3400000;182.5900000;177.5000000;179.3100000;10414260
MOEX;D;20210923;000000;179.8400000;180.8900000;178.3400000;179.8000000;4160980
MOEX;D;20210924;000000;179.9500000;180.4400000;178.6100000;179.3700000;3060770
MOEX;D;20210927;000000;180.0100000;180.3900000;176.7300000;177.7700000;6122120
MOEX;D;20210928;000000;177.7700000;177.8600000;172.0600000;173.5000000;10096220
MOEX;D;20210929;000000;173.1600000;173.8300000;170.0000000;172.8200000;8229870
MOEX;D;20210930;000000;172.9000000;174.4800000;172.0600000;173.7600000;9867860
MOEX;D;20211001;000000;173.4200000;173.4800000;169.6400000;170.9600000;8614130
MOEX;D;20211004;000000;170.5000000;171.4700000;167.4300000;167.7300000;8729580
MOEX;D;20211005;000000;168.1900000;174.0000000;167.6200000;174.0000000;12162580
MOEX;D;20211006;000000;173.8000000;175.7600000;171.9000000;173.7400000;8337390
MOEX;D;20211007;000000;173.8100000;178.1000000;172.9200000;177.0600000;6136660
MOEX;D;20211008;000000;177.5000000;177.5100000;173.7300000;174.9000000;5586230
MOEX;D;20211011;000000;174.4300000;177.7700000;174.2300000;176.5400000;6201710
MOEX;D;20211012;000000;176.7000000;184.3600000;175.9600000;182.8200000;11975890
MOEX;D;20211013;000000;182.5600000;182.8200000;177.8400000;181.3600000;9190200
MOEX;D;20211014;000000;181.9900000;183.9100000;180.7600000;181.4200000;5059730
MOEX;D;20211015;000000;181.7000000;186.4900000;179.4200000;185.7200000;11402180
MOEX;D;20211018;000000;186.3400000;187.0000000;183.1300000;184.0900000;9983010
MOEX;D;20211019;000000;185.3700000;185.9100000;178.8700000;180.4400000;11162390
MOEX;D;20211020;000000;180.5200000;180.6000000;171.7800000;173.5000000;28697660
MOEX;D;20211021;000000;173.4800000;173.4800000;170.0000000;170.6800000;25880610
MOEX;D;20211022;000000;170.6000000;173.5600000;169.4000000;171.0000000;17706720
MOEX;D;20211025;000000;171.0000000;175.1600000;170.3100000;174.2300000;11930890
MOEX;D;20211026;000000;175.0500000;175.6400000;171.8000000;173.4300000;7801230
MOEX;D;20211027;000000;173.0000000;174.9900000;171.7100000;173.6900000;8209150
MOEX;D;20211028;000000;173.6400000;176.5000000;173.2000000;175.5200000;9510140
MOEX;D;20211029;000000;176.1400000;176.1400000;172.5000000;173.3500000;6773870
MOEX;D;20211101;000000;173.1000000;175.5800000;172.5100000;174.8200000;7877790
MOEX;D;20211102;000000;175.0000000;175.3000000;173.0700000;173.1700000;4962750
MOEX;D;20211103;000000;173.1700000;175.1900000;171.2300000;173.9000000;7406060
MOEX;D;20211105;000000;174.1600000;174.9200000;172.2600000;172.9700000;4450880
MOEX;D;20211108;000000;173.0000000;174.2600000;172.3500000;172.9000000;6259240
MOEX;D;20211109;000000;173.2100000;173.9500000;172.3000000;172.9000000;7509810
MOEX;D;20211110;000000;173.2000000;173.5900000;169.6200000;170.1600000;8134620
MOEX;D;20211111;000000;170.2000000;171.4900000;167.6800000;171.1100000;8592760
MOEX;D;20211112;000000;171.4900000;171.6600000;168.0100000;169.6400000;8086800
MOEX;D;20211115;000000;169.5000000;173.7000000;168.8200000;171.6900000;7430440
MOEX;D;20211116;000000;172.0000000;173.0900000;168.2200000;169.2600000;8286930
MOEX;D;20211117;000000;169.3100000;170.0000000;168.1000000;168.4900000;9927100
MOEX;D;20211118;000000;168.4400000;168.4500000;164.2200000;165.3500000;8355630
MOEX;D;20211119;000000;165.8500000;167.6500000;160.7800000;161.8000000;10346400
MOEX;D;20211122;000000;161.5000000;162.4700000;151.6000000;154.3500000;19087910
MOEX;D;20211123;000000;154.3500000;159.4500000;151.0000000;159.4500000;17911820
MOEX;D;20211124;000000;160.1000000;162.9600000;153.0100000;154.2500000;19652390
MOEX;D;20211125;000000;154.5300000;157.6200000;154.1500000;156.3300000;8638460
MOEX;D;20211126;000000;153.3000000;154.2700000;149.5000000;150.0500000;11816940
MOEX;D;20211129;000000;151.9100000;154.1300000;151.2000000;152.0700000;8442950
MOEX;D;20211130;000000;150.0300000;153.5900000;148.7400000;151.1500000;19217950
MOEX;D;20211201;000000;152.8200000;159.1400000;152.3500000;157.2100000;14537420
MOEX;D;20211202;000000;157.9000000;161.4600000;157.2200000;161.0000000;11516670
MOEX;D;20211203;000000;162.1800000;163.4200000;157.0000000;157.8000000;14001530
MOEX;D;20211206;000000;158.4900000;160.0000000;154.0000000;156.7000000;7302290
MOEX;D;20211207;000000;156.7000000;160.6200000;152.8000000;160.2400000;12235630
MOEX;D;20211208;000000;160.2600000;161.9900000;155.1500000;156.5000000;8337460
MOEX;D;20211209;000000;157.0200000;157.6300000;153.5400000;154.2200000;7114230
MOEX;D;20211210;000000;154.4000000;154.7400000;150.7500000;152.5300000;5902250
MOEX;D;20211213;000000;152.2400000;153.9400000;147.2200000;148.1500000;9695760
MOEX;D;20211214;000000;147.9100000;149.5000000;138.7300000;148.0600000;12752420
MOEX;D;20211215;000000;148.1100000;149.8700000;144.6000000;147.0000000;12598640
MOEX;D;20211216;000000;147.3000000;149.4900000;146.4000000;147.7500000;13357690
MOEX;D;20211217;000000;147.5100000;148.7900000;144.7000000;147.4800000;14051230
MOEX;D;20211220;000000;147.3000000;147.3000000;143.6400000;145.7200000;8909190
MOEX;D;20211221;000000;146.0000000;146.8000000;144.2700000;145.3000000;5938490
MOEX;D;20211222;000000;145.4800000;148.0000000;144.5700000;146.7000000;6101130
MOEX;D;20211223;000000;147.3300000;150.3700000;146.5100000;149.1900000;9933320
MOEX;D;20211224;000000;149.7100000;152.9700000;148.1100000;149.5300000;6319590
MOEX;D;20211227;000000;149.5500000;153.5200000;149.5300000;151.7000000;7256520
MOEX;D;20211228;000000;152.1900000;153.3400000;151.2700000;151.4200000;7215620
MOEX;D;20211229;000000;151.8400000;152.5900000;150.8000000;152.5700000;5271050
MOEX;D;20211230;000000;152.6400000;153.6700000;152.1000000;153.2200000;5319850
MOEX;D;20220103;000000;153.6200000;156.8800000;153.3000000;156.4600000;3937170
MOEX;D;20220104;000000;157.3700000;158.9400000;155.1100000;155.9500000;7437800
MOEX;D;20220105;000000;156.0100000;157.7000000;148.0300000;148.2400000;10794190
MOEX;D;20220106;000000;149.0000000;151.6600000;146.4000000;149.0200000;10596370
MOEX;D;20220110;000000;149.0200000;150.9800000;142.7700000;145.3000000;13598460
MOEX;D;20220111;000000;145.8600000;150.9200000;145.2300000;150.0300000;12566770
MOEX;D;20220112;000000;150.2600000;151.6200000;147.7200000;151.3800000;9701580
MOEX;D;20220113;000000;151.0900000;152.4700000;145.2000000;147.6500000;13781330
MOEX;D;20220114;000000;148.0000000;149.2500000;137.5700000;144.2700000;26874470
MOEX;D;20220117;000000;144.4500000;145.2400000;136.7000000;139.3200000;23172430
MOEX;D;20220118;000000;139.9700000;139.9800000;128.4400000;132.0000000;30126990
MOEX;D;20220119;000000;133.4300000;140.8000000;124.5000000;138.6400000;27393510
MOEX;D;20220120;000000;138.6400000;147.2100000;137.7500000;144.0000000;21942390
MOEX;D;20220121;000000;143.8400000;148.9300000;141.2300000;145.9800000;20543350
MOEX;D;20220124;000000;146.5500000;147.0900000;137.0000000;143.3300000;26106290
MOEX;D;20220125;000000;143.4000000;145.7000000;138.8000000;142.8400000;19063290
MOEX;D;20220126;000000;144.2500000;146.8800000;139.3200000;141.2200000;16295710
MOEX;D;20220127;000000;140.7100000;147.8000000;140.1000000;144.9100000;14852520
MOEX;D;20220128;000000;145.4800000;147.4000000;142.0500000;144.4000000;10288860
MOEX;D;20220131;000000;145.4500000;146.5000000;143.5100000;145.0500000;9539030
MOEX;D;20220201;000000;145.0500000;146.3400000;143.6500000;145.5700000;7456700
MOEX;D;20220202;000000;145.5500000;146.0000000;141.2100000;142.9000000;10490310
MOEX;D;20220203;000000;142.4600000;142.5000000;136.7900000;137.6900000;12342500
MOEX;D;20220204;000000;138.5400000;141.4300000;137.7700000;141.0900000;11176440
MOEX;D;20220207;000000;140.0200000;142.1600000;139.8800000;141.5900000;5674850
MOEX;D;20220208;000000;141.7700000;143.9400000;140.6500000;142.0500000;9790760
MOEX;D;20220209;000000;142.3000000;143.5800000;141.2800000;142.1900000;12337020
MOEX;D;20220210;000000;142.4300000;142.8000000;139.6600000;140.0600000;13384660
MOEX;D;20220211;000000;140.0600000;140.6400000;135.4000000;136.2000000;13340670
MOEX;D;20220214;000000;135.9400000;137.5700000;131.4400000;134.4900000;20187260
MOEX;D;20220215;000000;135.1000000;138.1800000;133.8100000;137.5000000;17728520
MOEX;D;20220216;000000;137.4800000;141.9000000;136.5500000;141.8900000;18239920
MOEX;D;20220217;000000;141.0000000;141.5300000;135.8500000;137.4900000;17747280
MOEX;D;20220218;000000;138.4800000;139.4300000;132.1600000;133.1600000;15903510
MOEX;D;20220221;000000;132.4100000;135.8900000;110.0000000;118.7800000;46463100
MOEX;D;20220222;000000;114.9400000;120.3000000;108.8500000;115.7900000;77150860
MOEX;D;20220224;000000;104.1500000;106.0000000;73.3700000;92.5400000;42048710
MOEX;D;20220225;000000;95.5100000;110.0000000;91.0300000;95.5100000;24021070
MOEX;D;20220324;000000;94.5400000;110.1000000;91.1100000;100.7500000;7843810
MOEX;D;20220325;000000;107.8800000;108.0000000;95.3000000;96.5700000;3120740
MOEX;D;20220328;000000;97.0100000;97.1000000;92.0400000;93.5000000;2408530
MOEX;D;20220329;000000;91.9900000;94.0000000;86.0000000;88.4200000;5154310
MOEX;D;20220330;000000;89.5000000;92.2300000;87.8000000;92.0000000;4260210
MOEX;D;20220331;000000;93.8400000;100.0000000;92.6800000;99.5000000;8045410
MOEX;D;20220401;000000;101.2700000;114.0000000;101.2000000;111.4500000;12943140
MOEX;D;20220404;000000;111.9000000;117.0000000;110.0000000;111.0700000;8060130
MOEX;D;20220405;000000;112.2400000;112.3900000;100.0000000;103.6500000;6567660
MOEX;D;20220406;000000;103.8200000;106.0000000;100.1700000;102.0500000;2912140
MOEX;D;20220407;000000;102.0000000;109.9000000;101.6600000;103.1800000;3698250
MOEX;D;20220408;000000;103.4500000;104.6600000;100.5000000;102.2900000;1873330
MOEX;D;20220411;000000;102.7400000;103.7000000;100.7000000;100.7700000;1404270
MOEX;D;20220412;000000;101.0900000;101.4800000;96.5000000;99.5000000;2421680
MOEX;D;20220413;000000;100.0800000;100.8800000;98.2000000;99.3200000;1288010
MOEX;D;20220414;000000;99.8200000;99.8400000;93.5000000;93.5000000;2003000
MOEX;D;20220415;000000;93.4800000;94.4300000;90.1200000;93.6500000;3411010
MOEX;D;20220418;000000;93.9500000;95.0000000;90.8500000;90.8500000;1251850
MOEX;D;20220419;000000;90.9900000;90.9900000;87.2200000;89.1000000;2494050
MOEX;D;20220420;000000;89.1000000;93.7000000;87.0600000;92.4900000;2535390
MOEX;D;20220421;000000;93.0200000;94.8300000;90.1700000;90.5200000;1740110
MOEX;D;20220422;000000;90.5000000;91.9700000;89.2000000;90.0500000;1175060
MOEX;D;20220425;000000;90.0500000;90.4300000;87.7000000;88.0000000;1216890
MOEX;D;20220426;000000;88.7900000;91.4400000;88.0400000;90.8000000;2893000
MOEX;D;20220427;000000;91.1800000;94.4400000;89.7400000;93.2500000;2705030
MOEX;D;20220428;000000;94.2000000;97.7800000;92.0000000;92.4800000;3216590
MOEX;D;20220429;000000;93.5200000;95.0000000;92.6700000;94.7900000;1790260
MOEX;D;20220504;000000;94.8500000;96.8200000;90.8900000;90.8900000;2215530
MOEX;D;20220505;000000;91.4600000;92.2500000;91.0800000;91.2100000;1104470
MOEX;D;20220506;000000;91.3000000;91.7000000;90.0000000;90.2700000;788620
